키워드,검색량,네이버검색량,대표검색량,추이,난이도,섹션,패션,LF몰,W컨셉,한섬,SSF샵,SI빌리지,Status,순위,우선순위
가습기,18100,90800,90800,급하락,,가전,N,0,0,0,0,0,미수집,0,
공기청정기,12100,68100,68100,급하락,,가전,N,0,0,0,0,0,미수집,0,
기타계절가전,0,10,10,,,가전,N,0,0,0,0,0,미수집,0,
냉온수매트,170,1380,1380,급하락,,리빙/홈,N,0,0,0,0,0,미수집,0,
냉풍기,5400,8520,8520,급상승,,가전,N,0,0,0,0,0,미수집,0,
서큘레이터,0,17330,17330,급상승,,가전,N,0,0,0,0,0,미수집,0,
선풍기,22200,58000,58000,급상승,,가전,N,0,0,0,0,0,미수집,0,
에어컨,135000,55600,55600,급상승,,가전,N,0,0,0,0,0,미수집,0,
온풍기,6600,12070,12070,급하락,,가전,N,0,0,0,0,0,미수집,0,
전기요,880,13320,13320,급하락,,가전,N,0,0,0,0,0,미수집,0,
제습기,14800,66300,66300,급상승,,가전,N,0,0,0,0,0,미수집,0,
히터,9900,11540,11540,급하락,,가전,N,0,0,0,0,0,미수집,0,
리퍼상품,0,650,650,급하락,,가전,N,0,0,0,0,0,미수집,0,
모바일 주변기기,0,10,10,,,가전,N,0,0,0,0,0,미수집,0,
휴대폰,14800,29450,29450,급하락,,가전,N,0,0,0,0,0,미수집,0,
휴대폰 케이스,4400,28130,28130,하락,,가전,N,0,0,0,0,0,미수집,0,
건식 다리미,90,1330,1330,하락,,가전,N,0,0,0,0,0,미수집,0,
건조기,6600,52970,52970,급하락,,가전,N,0,0,0,0,0,미수집,0,
고데기,4400,36470,36470,유지,,가전,N,0,0,0,0,0,미수집,0,
기타 생활가전,0,10,10,,,가전,N,0,0,0,0,0,미수집,0,
로봇 청소기,18100,111700,111700,유지,,가전,N,0,0,0,0,0,미수집,0,
면도기,4400,29030,29030,급하락,,가전,N,0,0,0,0,0,미수집,0,
물걸레 청소기,1600,34590,34590,하락,,가전,N,0,0,0,0,0,미수집,0,
미싱,1900,7850,7850,하락,,가전,N,0,0,0,0,0,미수집,0,
살균기,210,800,800,급하락,,가전,N,0,0,0,0,0,미수집,0,
세탁기,60500,93100,93100,급하락,,가전,N,0,0,0,0,0,미수집,0,
스틱 청소기,20,730,730,급상승,,가전,N,0,0,0,0,0,미수집,0,
스팀 다리미,2900,53250,53250,하락,,가전,N,0,0,0,0,0,미수집,0,
스팀 청소기,2900,56810,56810,하락,,가전,N,0,0,0,0,0,미수집,0,
안마기,2900,16650,16650,급하락,,가전,N,0,0,0,0,0,미수집,0,
안마의자,4400,78700,78700,급하락,,가전,N,0,0,0,0,0,미수집,0,
스피커,22200,43200,43200,급하락,,가전,N,0,0,0,0,0,미수집,0,
핸디 청소기,590,8320,8320,급하락,,가전,N,0,0,0,0,0,미수집,0,
침구 청소기,1000,16570,16570,급하락,,가전,N,0,0,0,0,0,미수집,0,
청소기 액세서리,0,10,10,유지,,가전,N,0,0,0,0,0,미수집,0,
진공 청소기,4400,8960,8960,급하락,,가전,N,0,0,0,0,0,미수집,0,
족욕기,1900,17270,17270,급하락,,가전,N,0,0,0,0,0,미수집,0,
제모기,1900,7760,7760,하락,,뷰티/향수,Y,0,0,0,0,0,미수집,41,41순위
전동칫솔,0,19570,19570,하락,,가전,N,0,0,0,0,0,미수집,0,
헤어드라이기,3600,20400,20400,급상승,,가전,N,0,0,0,0,0,미수집,0,
TV,27100,43600,43600,급하락,,가전,N,0,0,0,0,0,미수집,0,
홈시어터,0,2490,2490,급하락,,가전,N,0,0,0,0,0,미수집,0,
액세서리,2900,2970,2970,급하락,,기타,N,0,0,0,0,0,미수집,0,
스마트기기,0,440,440,급하락,,가전,N,0,0,0,0,0,미수집,0,
스마트 액세서리,0,10,10,,,가전,N,0,0,0,0,0,미수집,0,
게임타이틀,0,240,240,급상승,,가전,N,0,0,0,0,0,미수집,0,
게임기,5400,14890,14890,급하락,,가전,N,0,0,0,0,0,미수집,0,
기타주방가전,0,10,10,,,가전,N,0,0,0,0,0,미수집,0,
오디오,4400,5350,5350,급하락,,가전,N,0,0,0,0,0,미수집,0,
음향 액세서리,0,10,10,,,가전,N,0,0,0,0,0,미수집,0,
이어폰,12100,63400,63400,급하락,,가전,N,0,0,0,0,0,미수집,0,
헤드폰,9900,22610,22610,급하락,,가전,N,0,0,0,0,0,미수집,0,
가스레인지,6600,29460,29460,급하락,,가전,N,0,0,0,0,0,미수집,0,
글라인더,0,3690,3690,하락,,가전,N,0,0,0,0,0,미수집,0,
기타 음향기기,0,10,10,,,가전,N,0,0,0,0,0,미수집,0,
원액기,0,190,190,급하락,,가전,N,0,0,0,0,0,미수집,0,
와플,12100,24990,24990,급하락,,가전,N,0,0,0,0,0,미수집,0,
오븐,4400,15170,15170,급하락,,가전,N,0,0,0,0,0,미수집,0,
식품건조기,880,10000,10000,급하락,,가전,N,0,0,0,0,0,미수집,0,
식기세척기,0,70400,70400,급하락,,가전,N,0,0,0,0,0,미수집,0,
믹서기,0,56300,56300,급하락,,가전,N,0,0,0,0,0,미수집,0,
냉장고,90500,158400,158400,급하락,,가전,N,0,0,0,0,0,미수집,0,
김치냉장고,9900,82000,82000,급하락,,가전,N,0,0,0,0,0,미수집,0,
데스크탑,8100,24640,24640,급하락,,가전,N,0,0,0,0,0,미수집,0,
마우스,22200,53200,53200,급하락,,가전,N,0,0,0,0,0,미수집,0,
모니터,18100,52600,52600,급하락,,가전,N,0,0,0,0,0,미수집,0,
컴퓨터 주변기기,170,410,410,유지,,가전,N,0,0,0,0,0,미수집,0,
키보드,49500,107900,107900,급하락,,가전,N,0,0,0,0,0,미수집,0,
인덕션,9900,80000,80000,급하락,,가전,N,0,0,0,0,0,미수집,0,
하이라이트,12100,30400,30400,급하락,,가전,N,0,0,0,0,0,미수집,0,
전기그릴,1600,16870,16870,하락,,가전,N,0,0,0,0,0,미수집,0,
팬,4400,5210,5210,급하락,,가전,N,0,0,0,0,0,미수집,0,
전기밥솥,2900,22380,22380,급하락,,가전,N,0,0,0,0,0,미수집,0,
전기주전자,720,13460,13460,급하락,,리빙/홈,N,0,0,0,0,0,미수집,0,
전기포트,2900,39800,39800,급하락,,가전,N,0,0,0,0,0,미수집,0,
전자레인지,110000,118100,118100,급하락,,가전,N,0,0,0,0,0,미수집,0,
제빙기,4400,30600,30600,급상승,,가전,N,0,0,0,0,0,미수집,0,
커피 액세서리,0,10,10,,,리빙/홈,N,0,0,0,0,0,미수집,0,
커피머신,4400,62000,62000,급하락,,가전,N,0,0,0,0,0,미수집,0,
커피메이커,0,13900,13900,급하락,,가전,N,0,0,0,0,0,미수집,0,
토스트기,1300,15420,15420,하락,,가전,N,0,0,0,0,0,미수집,0,
튀김기,1300,7190,7190,급하락,,가전,N,0,0,0,0,0,미수집,0,
카메라 액세서리,30,50,50,급하락,,가전,N,0,0,0,0,0,미수집,0,
캠코더,3600,5440,5440,급하락,,가전,N,0,0,0,0,0,미수집,0,
DSLR,3600,3300,3300,급하락,,가전,N,0,0,0,0,0,미수집,0,
노트북,40500,164200,164200,급하락,,가전,N,0,0,0,0,0,미수집,0,
태블릿PC,0,23630,23630,급하락,,가전,N,0,0,0,0,0,미수집,0,
프린터,4400,26200,26200,급하락,,가전,N,0,0,0,0,0,미수집,0,
휴대용 선풍기,2900,6250,6250,급상승,,가전,N,0,0,0,0,0,미수집,0,
카메라,49500,33800,33800,급하락,,가전,N,0,0,0,0,0,미수집,0,
다리미,2900,19770,19770,하락,,가전,N,0,0,0,0,0,미수집,0,
음식물처리기,0,168100,168100,상승,,가전,N,0,0,0,0,0,미수집,0,
기내용캐리어,0,44210,44210,급하락,,가방,Y,0,0,0,0,0,미수집,6,6순위
여행용파우치,720,8770,8770,하락,,가방,Y,0,0,0,0,0,미수집,20,20순위
남성가방,480,4630,4630,유지,,가방,Y,0,0,0,0,0,미수집,22,22순위
쇼퍼백,0,10310,10310,하락,,가방,Y,0,0,0,0,0,미수집,18,18순위
스트랩,6600,12850,12850,급하락,,액세서리,Y,0,0,0,0,0,미수집,18,18순위
캔버스,8100,18130,18130,급하락,,가방,Y,0,0,0,0,0,미수집,13,13순위
에코백,8100,53670,53670,유지,10,가방,Y,26,3,0,0,0,Weak,5,5순위
골프그립,1000,13980,13980,급하락,,골프,Y,0,0,0,0,0,미수집,7,7순위
샤프트,4400,5600,5600,급하락,,골프,Y,0,0,0,0,0,미수집,15,15순위
골프우산,590,4390,4390,상승,,골프,Y,0,0,0,0,0,미수집,17,17순위
로스트볼,720,33360,33360,급하락,,골프,Y,0,0,0,0,0,미수집,1,1순위
캐디백,720,7430,7430,급하락,,골프,Y,0,0,0,0,0,미수집,11,11순위
케이스,6600,22600,22600,급하락,,가방,Y,0,0,0,0,0,미수집,11,11순위
하프백,260,1700,1700,급하락,,가방,Y,0,0,0,0,0,미수집,27,27순위
거리측정기,0,25050,25050,급하락,,골프,Y,0,0,0,0,0,미수집,3,3순위
거리측정기케이스,0,5820,5820,급하락,,골프,Y,0,0,0,0,0,미수집,14,14순위
골프공,2900,33230,33230,하락,,골프,Y,0,0,0,0,0,미수집,2,2순위
골프가방,720,6700,6700,급하락,,골프,Y,0,0,0,0,0,미수집,13,13순위
골프백세트,20,320,320,하락,,골프,Y,0,0,0,0,0,미수집,29,29순위
골프화가방,0,960,960,급하락,,골프,Y,0,0,0,0,0,미수집,24,24순위
스탠드백,110,980,980,급하락,,골프,Y,0,0,0,0,0,미수집,23,23순위
페어웨이우드,110,1040,1040,급하락,,골프,Y,0,0,0,0,0,미수집,22,22순위
공용골프화,0,15,15,,,골프,Y,0,0,0,0,0,미수집,33,33순위
남성골프화,0,20380,20380,유지,,골프,Y,0,0,0,0,0,미수집,4,4순위
스파이크,3600,2670,2670,급하락,,골프,Y,0,0,0,0,0,미수집,19,19순위
렌치,5400,7690,7690,급하락,,골프,Y,0,0,0,0,0,미수집,10,10순위
여성골프화,170,11610,11610,하락,,골프,Y,0,0,0,0,0,미수집,8,8순위
골프클럽세트,20,330,330,급하락,,골프,Y,0,0,0,0,0,미수집,28,28순위
드라이버,6600,15590,15590,급하락,,골프,Y,0,0,0,0,0,미수집,6,6순위
시타클럽,0,25,25,급상승,,골프,Y,0,0,0,0,0,미수집,32,32순위
아이언,12100,16130,16130,급하락,,골프,Y,0,0,0,0,0,미수집,5,5순위
웨지,880,4750,4750,급하락,,골프,Y,0,0,0,0,0,미수집,16,16순위
유틸리티우드,140,250,250,급하락,,골프,Y,0,0,0,0,0,미수집,30,30순위
파크골프클럽,110,670,670,급하락,,골프,Y,0,0,0,0,0,미수집,26,26순위
퍼터,8100,11210,11210,급하락,,골프,Y,0,0,0,0,0,미수집,9,9순위
자외선차단,590,850,850,급상승,,골프,Y,0,0,0,0,0,미수집,25,25순위
냉감용품,0,10,10,급상승,,골프,Y,0,0,0,0,0,미수집,34,34순위
클럽커버,0,140,140,급하락,,리빙/홈,N,0,0,0,0,0,미수집,0,
파크골프용품,390,6910,6910,유지,,골프,Y,0,0,0,0,0,미수집,12,12순위
필드용품,0,90,90,급하락,,골프,Y,0,0,0,0,0,미수집,31,31순위
항공커버,0,2510,2510,급하락,,골프,Y,0,0,0,0,0,미수집,20,20순위
볼케이스,20,490,490,급하락,,가방,Y,0,0,0,0,0,미수집,29,29순위
연습용품,0,10,10,,,골프,Y,0,0,0,0,0,미수집,35,35순위
우비,3600,10550,10550,하락,,의류,Y,0,0,0,0,0,미수집,31,31순위
기능성의류,260,200,200,급하락,,의류,Y,0,0,0,0,0,미수집,98,98순위
레인웨어,0,80,80,급상승,,의류,Y,0,0,0,0,0,미수집,101,101순위
데님셔츠,1600,12090,12090,급하락,,의류,Y,0,0,0,0,0,미수집,29,29순위
맨투맨티셔츠,260,1650,1650,급하락,,의류,Y,0,0,0,0,0,미수집,76,76순위
후드티셔츠,14800,1110,1110,급하락,,의류,Y,0,0,0,0,0,미수집,78,78순위
사파리,18100,15180,15180,급하락,,의류,Y,0,0,0,0,0,미수집,22,22순위
항공점퍼,0,9680,9680,급하락,,의류,Y,0,0,0,0,0,미수집,33,33순위
야상점퍼,590,8640,8640,급하락,,의류,Y,0,0,0,0,0,미수집,35,35순위
가죽,2900,4240,4240,급하락,,의류,Y,0,0,0,0,0,미수집,50,50순위
브리프,3600,3280,3280,유지,,언더웨어,Y,0,0,0,0,0,미수집,14,14순위
트렁크,9900,11610,11610,하락,,언더웨어,Y,0,0,0,0,0,미수집,4,4순위
드로즈,5400,6490,6490,유지,,언더웨어,Y,0,0,0,0,0,미수집,9,9순위
긴팔드레스셔츠,0,10,10,,,의류,Y,0,0,0,0,0,미수집,105,105순위
긴팔캐쥬얼셔츠,0,10,10,,,의류,Y,0,0,0,0,0,미수집,106,106순위
반팔드레스셔츠,20,25,25,하락,,의류,Y,0,0,0,0,0,미수집,102,102순위
반팔캐쥬얼셔츠,0,10,10,,,의류,Y,0,0,0,0,0,미수집,107,107순위
캐주얼 셋업,90,150,150,급하락,,의류,Y,0,0,0,0,0,미수집,99,99순위
가구거울,0,10,10,,,가구,N,0,0,0,0,0,미수집,0,
가죽소파,1000,17190,17190,하락,,가구,N,0,0,0,0,0,미수집,0,
슬랙스,14800,17210,17210,급하락,16,의류,Y,0,14,0,0,0,Missing,9,9순위
정장상의,170,210,210,급하락,,의류,Y,0,0,0,0,0,미수집,96,96순위
정장하의,20,10,10,,,의류,Y,0,0,0,0,0,미수집,108,108순위
유아의자,170,3250,3250,급하락,,유아동,N,0,0,0,0,0,미수집,0,
소파,9900,58300,58300,급하락,,가구,N,0,0,0,0,0,미수집,0,
주방 수납장,1300,30810,30810,하락,,가구,N,0,0,0,0,0,미수집,0,
책상,14800,65100,65100,급하락,,가구,N,0,0,0,0,0,미수집,0,
책장,8100,44100,44100,하락,,가구,N,0,0,0,0,0,미수집,0,
침대,18100,112800,112800,급하락,,가구,N,0,0,0,0,0,미수집,0,
시스템 거실장,20,65,65,급하락,,가구,N,0,0,0,0,0,미수집,0,
식탁단품,0,10,10,유지,,가구,N,0,0,0,0,0,미수집,0,
식탁세트,880,5970,5970,급하락,,가구,N,0,0,0,0,0,미수집,0,
식탁의자,2400,62810,62810,하락,,가구,N,0,0,0,0,0,미수집,0,
아일랜드 식탁,5400,29250,29250,급하락,,가구,N,0,0,0,0,0,미수집,0,
오피스의자,20,310,310,하락,,가구,N,0,0,0,0,0,미수집,0,
옷장,5400,44030,44030,급하락,,가구,N,0,0,0,0,0,미수집,0,
옷장세트,0,380,380,급하락,,가구,N,0,0,0,0,0,미수집,0,
스툴,4400,13120,13120,하락,,가구,N,0,0,0,0,0,미수집,0,
붙박이장,4400,36380,36380,급하락,,가구,N,0,0,0,0,0,미수집,0,
서랍장,8100,52100,52100,급하락,,가구,N,0,0,0,0,0,미수집,0,
서재 수납가구,0,10,10,,,가구,N,0,0,0,0,0,미수집,0,
소파 악세사리,0,15,15,유지,,가구,N,0,0,0,0,0,미수집,0,
소파베드,1300,17740,17740,급하락,,가구,N,0,0,0,0,0,미수집,0,
수납가구,210,890,890,급하락,,가구,N,0,0,0,0,0,미수집,0,
거실장,1900,22240,22240,급하락,,가구,N,0,0,0,0,0,미수집,0,
드레스룸,0,12340,12340,급하락,,의류,Y,0,0,0,0,0,미수집,27,27순위
렌지대,590,3670,3670,급하락,,가구,N,0,0,0,0,0,미수집,0,
리클라이너,0,34100,34100,급상승,,가구,N,0,0,0,0,0,미수집,0,
매트리스,8100,141700,141700,급하락,,가구,N,0,0,0,0,0,미수집,0,
벤치,6600,10090,10090,하락,,가구,N,0,0,0,0,0,미수집,0,
신발 정리대,260,5950,5950,급하락,,리빙/홈,N,0,0,0,0,0,미수집,0,
신발장,4400,22000,22000,급하락,,가구,N,0,0,0,0,0,미수집,0,
원목 선반,480,5390,5390,하락,,가구,N,0,0,0,0,0,미수집,0,
원목 수납장,320,5980,5980,하락,,가구,N,0,0,0,0,0,미수집,0,
원목 트롤리,0,710,710,급하락,,리빙/홈,N,0,0,0,0,0,미수집,0,
원목 행거,390,2090,2090,급하락,,가구,N,0,0,0,0,0,미수집,0,
이동형 행거,0,270,270,급하락,,가구,N,0,0,0,0,0,미수집,0,
전신거울,2400,24180,24180,하락,,리빙/홈,N,0,0,0,0,0,미수집,0,
거울 행거,20,320,320,급하락,,가구,N,0,0,0,0,0,미수집,0,
드레스룸 행거,0,3810,3810,급하락,,가구,N,0,0,0,0,0,미수집,0,
디자인 의자,210,620,620,급하락,,가구,N,0,0,0,0,0,미수집,0,
바 체어,480,2460,2460,하락,,가구,N,0,0,0,0,0,미수집,0,
벽 선반,2400,14600,14600,급하락,,가구,N,0,0,0,0,0,미수집,0,
사이드 테이블,2400,27760,27760,하락,,가구,N,0,0,0,0,0,미수집,0,
선반 행거,170,1200,1200,급하락,,가구,N,0,0,0,0,0,미수집,0,
패브릭소파,1300,11890,11890,급하락,,가구,N,0,0,0,0,0,미수집,0,
협탁,4400,14820,14820,급하락,,가구,N,0,0,0,0,0,미수집,0,
화장대,4400,54290,54290,하락,,가구,N,0,0,0,0,0,미수집,0,
확장형 식탁,390,15800,15800,급상승,,가구,N,0,0,0,0,0,미수집,0,
침대세트,30,880,880,하락,,가구,N,0,0,0,0,0,미수집,0,
테라스,4400,7340,7340,하락,,가구,N,0,0,0,0,0,미수집,0,
야외가구,0,630,630,하락,,가구,N,0,0,0,0,0,미수집,0,
토퍼,9900,69000,69000,급하락,,리빙/홈,N,0,0,0,0,0,미수집,0,
티테이블,0,5660,5660,급하락,,가구,N,0,0,0,0,0,미수집,0,
라탄 정리함,0,120,120,급하락,,리빙/홈,N,0,0,0,0,0,미수집,0,
매쉬망 정리함,0,10,10,,,리빙/홈,N,0,0,0,0,0,미수집,0,
먼지떨이,0,960,960,유지,,리빙/홈,N,0,0,0,0,0,미수집,0,
멀티탭,9900,70500,70500,하락,,리빙/홈,N,0,0,0,0,0,미수집,0,
기타 생필품,0,10,10,,,기타,N,0,0,0,0,0,미수집,0,
다리미판,590,10530,10530,하락,,리빙/홈,N,0,0,0,0,0,미수집,0,
다용도걸이,0,430,430,급상승,,리빙/홈,N,0,0,0,0,0,미수집,0,
데스크 정리용품,0,40,40,급하락,,리빙/홈,N,0,0,0,0,0,미수집,0,
플라스틱 트롤리,0,140,140,상승,,리빙/홈,N,0,0,0,0,0,미수집,0,
건조대,1000,4930,4930,급하락,,리빙/홈,N,0,0,0,0,0,미수집,0,
구강 케어,10,260,260,급상승,,뷰티/향수,Y,0,0,0,0,0,미수집,97,97순위
그외 청소용품,0,10,10,,,리빙/홈,N,0,0,0,0,0,미수집,0,
접이식 테이블,3600,39930,39930,급하락,,가구,N,0,0,0,0,0,미수집,0,
철제 선반,5400,38910,38910,급하락,,가구,N,0,0,0,0,0,미수집,0,
철제 수납장,720,5210,5210,급하락,,가구,N,0,0,0,0,0,미수집,0,
철제 트롤리,0,1420,1420,유지,,리빙/홈,N,0,0,0,0,0,미수집,0,
틈새 서랍장,210,5650,5650,하락,,가구,N,0,0,0,0,0,미수집,0,
틈새 트롤리,0,2500,2500,급상승,,리빙/홈,N,0,0,0,0,0,미수집,0,
플라스틱 선반,140,950,950,급하락,,가구,N,0,0,0,0,0,미수집,0,
플라스틱 수납장,210,2260,2260,급하락,,가구,N,0,0,0,0,0,미수집,0,
속옷 정리함,170,3540,3540,급하락,,리빙/홈,N,0,0,0,0,0,미수집,0,
수건,49500,64100,64100,급하락,,리빙/홈,N,0,0,0,0,0,미수집,0,
타월,1000,4460,4460,하락,,리빙/홈,N,0,0,0,0,0,미수집,0,
압축백,0,410,410,급하락,,가방,Y,0,0,0,0,0,미수집,30,30순위
압축팩,590,6440,6440,급하락,,리빙/홈,N,0,0,0,0,0,미수집,0,
서류함,320,1850,1850,하락,,리빙/홈,N,0,0,0,0,0,미수집,0,
섬유유연제,0,42720,42720,유지,,리빙/홈,N,0,0,0,0,0,미수집,0,
세탁 acc,0,10,10,,,리빙/홈,N,0,0,0,0,0,미수집,0,
세탁세제,0,62900,62900,하락,,리빙/홈,N,0,0,0,0,0,미수집,0,
분리수거함,0,28770,28770,하락,,리빙/홈,N,0,0,0,0,0,미수집,0,
빨래용품,0,15,15,,,리빙/홈,N,0,0,0,0,0,미수집,0,
생리대,5400,28210,28210,하락,,리빙/홈,N,0,0,0,0,0,미수집,0,
모니터 받침대,5400,30400,30400,하락,,가전,N,0,0,0,0,0,미수집,0,
방향제,3600,15670,15670,급하락,,리빙/홈,N,0,0,0,0,0,미수집,0,
우산꽂이,0,9230,9230,하락,,액세서리,Y,0,0,0,0,0,미수집,24,24순위
원목 바스켓,0,15,15,상승,,리빙/홈,N,0,0,0,0,0,미수집,0,
종이 정리함,30,260,260,급하락,,리빙/홈,N,0,0,0,0,0,미수집,0,
책꽂이,2900,17340,17340,급하락,,리빙/홈,N,0,0,0,0,0,미수집,0,
독서대,3600,26330,26330,하락,,리빙/홈,N,0,0,0,0,0,미수집,0,
욕실소품,30,130,130,급하락,,리빙/홈,N,0,0,0,0,0,미수집,0,
욕실수납,140,1220,1220,유지,,리빙/홈,N,0,0,0,0,0,미수집,0,
욕실패브릭,0,10,10,,,리빙/홈,N,0,0,0,0,0,미수집,0,
욕실화,480,11290,11290,급하락,,리빙/홈,N,0,0,0,0,0,미수집,0,
옷커버,140,1480,1480,급하락,,리빙/홈,N,0,0,0,0,0,미수집,0,
와이어 정리함,0,10,10,,,리빙/홈,N,0,0,0,0,0,미수집,0,
욕실 청소용품,0,630,630,급상승,,리빙/홈,N,0,0,0,0,0,미수집,0,
욕실매트,480,9970,9970,하락,,리빙/홈,N,0,0,0,0,0,미수집,0,
액세서리 정리함,0,10,10,유지,,리빙/홈,N,0,0,0,0,0,미수집,0,
여행수납,0,25,25,유지,,리빙/홈,N,0,0,0,0,0,미수집,0,
옷걸이,9900,38590,38590,급하락,,리빙/홈,N,0,0,0,0,0,미수집,0,
휴지통,22200,12830,12830,하락,,리빙/홈,N,0,0,0,0,0,미수집,0,
가위,12100,17660,17660,급하락,,리빙/홈,N,0,0,0,0,0,미수집,0,
과일포크,0,1160,1160,유지,,리빙/홈,N,0,0,0,0,0,미수집,0,
교자상,1600,12180,12180,하락,,리빙/홈,N,0,0,0,0,0,미수집,0,
글라스잔,0,390,390,유지,,리빙/홈,N,0,0,0,0,0,미수집,0,
냄비,8100,28130,28130,급하락,,리빙/홈,N,0,0,0,0,0,미수집,0,
냄비받침,0,3920,3920,급하락,,리빙/홈,N,0,0,0,0,0,미수집,0,
플라스틱 정리함,10,560,560,급하락,,리빙/홈,N,0,0,0,0,0,미수집,0,
햄퍼,170,1450,1450,유지,,리빙/홈,N,0,0,0,0,0,미수집,0,
행잉 오거나이저,20,490,490,급상승,,리빙/홈,N,0,0,0,0,0,미수집,0,
화장품 정리함,590,8350,8350,하락,,뷰티/향수,Y,0,0,0,0,0,미수집,40,40순위
탈취제,2900,33580,33580,상승,,리빙/홈,N,0,0,0,0,0,미수집,0,
테이프 클리너,30,2690,2690,하락,,리빙/홈,N,0,0,0,0,0,미수집,0,
패브릭 정리함,0,360,360,급하락,,리빙/홈,N,0,0,0,0,0,미수집,0,
플라스틱 서랍장,880,12400,12400,급하락,,가구,N,0,0,0,0,0,미수집,0,
철제정리함,0,300,300,하락,,리빙/홈,N,0,0,0,0,0,미수집,0,
청소,40500,5410,5410,급하락,,리빙/홈,N,0,0,0,0,0,미수집,0,
주방세제,1900,27140,27140,하락,,리빙/홈,N,0,0,0,0,0,미수집,0,
잡곡통,0,990,990,하락,,리빙/홈,N,0,0,0,0,0,미수집,0,
아이스트레이,110,670,670,급상승,,리빙/홈,N,0,0,0,0,0,미수집,0,
압력솥,1000,17620,17620,하락,,리빙/홈,N,0,0,0,0,0,미수집,0,
앞치마,6600,43350,43350,급하락,,의류,Y,0,0,0,0,0,미수집,13,13순위
주방장갑,320,2660,2660,하락,,리빙/홈,N,0,0,0,0,0,미수집,0,
양념통,0,8910,8910,하락,,리빙/홈,N,0,0,0,0,0,미수집,0,
얼음통,0,930,930,급상승,,리빙/홈,N,0,0,0,0,0,미수집,0,
와인용품,20,240,240,급하락,,리빙/홈,N,0,0,0,0,0,미수집,0,
숟가락,5400,15110,15110,급하락,,리빙/홈,N,0,0,0,0,0,미수집,0,
술잔,880,2210,2210,급하락,,리빙/홈,N,0,0,0,0,0,미수집,0,
스테인레스용기,110,160,160,급하락,,리빙/홈,N,0,0,0,0,0,미수집,0,
식거건조대,0,10,10,,,리빙/홈,N,0,0,0,0,0,미수집,0,
식기단품,0,10,10,,,리빙/홈,N,0,0,0,0,0,미수집,0,
식기세트,320,3520,3520,급하락,,리빙/홈,N,0,0,0,0,0,미수집,0,
식탁매트,720,15070,15070,하락,,가구,N,0,0,0,0,0,미수집,0,
쌀통,1000,20240,20240,하락,,리빙/홈,N,0,0,0,0,0,미수집,0,
저그,3600,2030,2030,하락,,리빙/홈,N,0,0,0,0,0,미수집,0,
밀폐용기,0,12760,12760,유지,,리빙/홈,N,0,0,0,0,0,미수집,0,
보온,480,740,740,급하락,,리빙/홈,N,0,0,0,0,0,미수집,0,
보냉용품,0,10,10,유지,,리빙/홈,N,0,0,0,0,0,미수집,0,
수세미,22200,21400,21400,급하락,,리빙/홈,N,0,0,0,0,0,미수집,0,
수세미홀더,0,170,170,급하락,,리빙/홈,N,0,0,0,0,0,미수집,0,
수저받침,0,3310,3310,하락,,리빙/홈,N,0,0,0,0,0,미수집,0,
수저통,720,11950,11950,급하락,,리빙/홈,N,0,0,0,0,0,미수집,0,
다용도상,0,120,120,급상승,,리빙/홈,N,0,0,0,0,0,미수집,0,
도마,6600,46200,46200,하락,,리빙/홈,N,0,0,0,0,0,미수집,0,
도시락스푼,0,15,15,,,리빙/홈,N,0,0,0,0,0,미수집,0,
도시락케이스,20,320,320,급하락,,리빙/홈,N,0,0,0,0,0,미수집,0,
돌솥,1000,3810,3810,급하락,,리빙/홈,N,0,0,0,0,0,미수집,0,
러너,4400,5290,5290,급하락,,리빙/홈,N,0,0,0,0,0,미수집,0,
머그,390,1160,1160,급하락,,리빙/홈,N,0,0,0,0,0,미수집,0,
트레이,4400,15180,15180,급하락,,리빙/홈,N,0,0,0,0,0,미수집,0,
티스푼,1300,2580,2580,급하락,,리빙/홈,N,0,0,0,0,0,미수집,0,
퐁듀,2900,2220,2220,급하락,,리빙/홈,N,0,0,0,0,0,미수집,0,
플라스틱용기,880,4460,4460,하락,,리빙/홈,N,0,0,0,0,0,미수집,0,
피크닉 도시락,720,4500,4500,급하락,,리빙/홈,N,0,0,0,0,0,미수집,0,
필러,3600,13130,13130,급하락,,기타,N,0,0,0,0,0,미수집,0,
믹싱볼,720,3820,3820,하락,,리빙/홈,N,0,0,0,0,0,미수집,0,
행주,5400,14950,14950,하락,,리빙/홈,N,0,0,0,0,0,미수집,0,
칼,0,18380,18380,급하락,,리빙/홈,N,0,0,0,0,0,미수집,0,
커트러리,2400,9900,9900,급하락,,리빙/홈,N,0,0,0,0,0,미수집,0,
커피,135000,233100,233100,상승,,리빙/홈,N,0,0,0,0,0,미수집,0,
티잔,90,290,290,급하락,,리빙/홈,N,0,0,0,0,0,미수집,0,
커피용품,320,1630,1630,하락,,리빙/홈,N,0,0,0,0,0,미수집,0,
컵,8100,13270,13270,급하락,,리빙/홈,N,0,0,0,0,0,미수집,0,
컵받침,0,3520,3520,하락,,리빙/홈,N,0,0,0,0,0,미수집,0,
텀블러,40500,122200,122200,유지,,리빙/홈,N,0,0,0,0,0,미수집,0,
주방선반,720,13400,13400,하락,,가구,N,0,0,0,0,0,미수집,0,
주방잡화,0,30,30,급하락,,리빙/홈,N,0,0,0,0,0,미수집,0,
주방타올,10,880,880,하락,,리빙/홈,N,0,0,0,0,0,미수집,0,
주병,140,290,290,급하락,,리빙/홈,N,0,0,0,0,0,미수집,0,
주전자,5400,8950,8950,급하락,,리빙/홈,N,0,0,0,0,0,미수집,0,
집게,5400,15780,15780,하락,,리빙/홈,N,0,0,0,0,0,미수집,0,
찜솥,260,2770,2770,급하락,,리빙/홈,N,0,0,0,0,0,미수집,0,
와인잔,0,10760,10760,급하락,,리빙/홈,N,0,0,0,0,0,미수집,0,
유리용기,210,2050,2050,급하락,,리빙/홈,N,0,0,0,0,0,미수집,0,
유아식기,0,2070,2070,하락,,유아동,N,0,0,0,0,0,미수집,0,
인퓨저,210,450,450,급하락,,리빙/홈,N,0,0,0,0,0,미수집,0,
젓가락,9900,13240,13240,하락,,리빙/홈,N,0,0,0,0,0,미수집,0,
제빵용품,30,140,140,급하락,,리빙/홈,N,0,0,0,0,0,미수집,0,
조리도구,0,2520,2520,급하락,,리빙/홈,N,0,0,0,0,0,미수집,0,
주방매트,720,14590,14590,급하락,,리빙/홈,N,0,0,0,0,0,미수집,0,
암막커튼,5400,72800,72800,하락,,리빙/홈,N,0,0,0,0,0,미수집,0,
에어컨커버,480,24240,24240,급하락,,가전,N,0,0,0,0,0,미수집,0,
오픈형슬리퍼,0,10,10,,,신발,Y,0,0,0,0,0,미수집,51,51순위
요커버,110,2620,2620,하락,,리빙/홈,N,0,0,0,0,0,미수집,0,
유아배게,0,450,450,급하락,,유아동,N,0,0,0,0,0,미수집,0,
유아이불,0,1390,1390,급하락,,유아동,N,0,0,0,0,0,미수집,0,
이불세트,590,11310,11310,급하락,,리빙/홈,N,0,0,0,0,0,미수집,0,
이불요,210,1090,1090,급하락,,리빙/홈,N,0,0,0,0,0,미수집,0,
베개솜,480,4800,4800,급하락,,리빙/홈,N,0,0,0,0,0,미수집,0,
블랑캣,0,690,690,하락,,리빙/홈,N,0,0,0,0,0,미수집,0,
빅쿠션,20,390,390,급하락,,리빙/홈,N,0,0,0,0,0,미수집,0,
선풍기커버,170,7350,7350,급하락,,가전,N,0,0,0,0,0,미수집,0,
속커튼,110,880,880,급하락,,리빙/홈,N,0,0,0,0,0,미수집,0,
솜 토퍼,0,150,150,급하락,,리빙/홈,N,0,0,0,0,0,미수집,0,
쇼파패드,590,14150,14150,급하락,,리빙/홈,N,0,0,0,0,0,미수집,0,
수면안대,0,21850,21850,유지,,액세서리,Y,0,0,0,0,0,미수집,13,13순위
매트리스커버,1900,20810,20810,급하락,,가구,N,0,0,0,0,0,미수집,0,
목쿠션,210,2690,2690,급하락,,리빙/홈,N,0,0,0,0,0,미수집,0,
무릎담요,0,9160,9160,급하락,,리빙/홈,N,0,0,0,0,0,미수집,0,
바디필로우,6600,50160,50160,유지,,뷰티/향수,Y,0,0,0,0,0,미수집,5,5순위
발란스,320,1370,1370,급하락,,리빙/홈,N,0,0,0,0,0,미수집,0,
발매트,1900,23110,23110,급하락,,리빙/홈,N,0,0,0,0,0,미수집,0,
방석,2400,21790,21790,급하락,,리빙/홈,N,0,0,0,0,0,미수집,0,
배게커버,0,6600,6600,급상승,,리빙/홈,N,0,0,0,0,0,미수집,0,
후라이팬,0,120,120,하락,,리빙/홈,N,0,0,0,0,0,미수집,0,
구스다운,0,2980,2980,급하락,,의류,Y,0,0,0,0,0,미수집,60,60순위
극세사이불,1600,13020,13020,급하락,,리빙/홈,N,0,0,0,0,0,미수집,0,
기타패브릭,0,10,10,,,리빙/홈,N,0,0,0,0,0,미수집,0,
덮개형슬리퍼,0,10,10,,,신발,Y,0,0,0,0,0,미수집,52,52순위
등쿠션,390,4610,4610,급하락,,리빙/홈,N,0,0,0,0,0,미수집,0,
러그,9900,41200,41200,급하락,,리빙/홈,N,0,0,0,0,0,미수집,0,
레이스커튼,390,2710,2710,유지,,리빙/홈,N,0,0,0,0,0,미수집,0,
강아지_기타훈련용품,0,10,10,,,펫,N,0,0,0,0,0,미수집,0,
강아지_껌,210,10,10,,,펫,N,0,0,0,0,0,미수집,0,
강아지_노즈워크,0,10,10,,,펫,N,0,0,0,0,0,미수집,0,
강아지_매너밸트,0,10,10,,,펫,N,0,0,0,0,0,미수집,0,
강아지_배변봉투,0,10,10,,,펫,N,0,0,0,0,0,미수집,0,
강아지_배변판,0,10,10,,,펫,N,0,0,0,0,0,미수집,0,
강아지_배변패드,0,10,10,,,펫,N,0,0,0,0,0,미수집,0,
강아지_소시지,30,10,10,,,펫,N,0,0,0,0,0,미수집,0,
스프레드,8100,7430,7430,급하락,,리빙/홈,N,0,0,0,0,0,미수집,0,
홑겹이불,10,210,210,급상승,,리빙/홈,N,0,0,0,0,0,미수집,0,
PVC매트,320,9910,9910,상승,,리빙/홈,N,0,0,0,0,0,미수집,0,
강아지_건식사료,0,10,10,,,식품,N,0,0,0,0,0,미수집,0,
강아지_기저귀,320,10,10,,,펫,N,0,0,0,0,0,미수집,0,
강아지_기타간식,0,10,10,,,식품,N,0,0,0,0,0,미수집,0,
캐노피,9900,28910,28910,하락,,리빙/홈,N,0,0,0,0,0,미수집,0,
커튼 액세서리,0,10,10,,,리빙/홈,N,0,0,0,0,0,미수집,0,
커튼봉,0,9610,9610,급하락,,리빙/홈,N,0,0,0,0,0,미수집,0,
쿠션솜,50,2280,2280,하락,,리빙/홈,N,0,0,0,0,0,미수집,0,
쿠션커버,390,7610,7610,하락,,리빙/홈,N,0,0,0,0,0,미수집,0,
쿨매트,1600,6550,6550,급상승,,리빙/홈,N,0,0,0,0,0,미수집,0,
티슈커버,70,450,450,급하락,,리빙/홈,N,0,0,0,0,0,미수집,0,
이불커버,1000,9940,9940,급하락,,리빙/홈,N,0,0,0,0,0,미수집,0,
일반블라인드,0,15,15,,,리빙/홈,N,0,0,0,0,0,미수집,0,
일반솜,0,10,10,,,리빙/홈,N,0,0,0,0,0,미수집,0,
일반커튼,0,70,70,급하락,,리빙/홈,N,0,0,0,0,0,미수집,0,
전기매트,2400,44870,44870,급하락,,리빙/홈,N,0,0,0,0,0,미수집,0,
좌식쿠션,10,350,350,하락,,리빙/홈,N,0,0,0,0,0,미수집,0,
차렵이불,2900,32700,32700,급하락,,리빙/홈,N,0,0,0,0,0,미수집,0,
카페트,2900,17800,17800,급하락,,리빙/홈,N,0,0,0,0,0,미수집,0,
고양이_캣타워,480,10,10,,,펫,N,0,0,0,0,0,미수집,0,
고양이_탈취,0,10,10,,,펫,N,0,0,0,0,0,미수집,0,
고양이_터널,140,10,10,,,펫,N,0,0,0,0,0,미수집,0,
고양이_파우치,90,10,10,,,펫,N,0,0,0,0,0,미수집,0,
고양이_화장실,1300,10,10,,,펫,N,0,0,0,0,0,미수집,0,
고양이_화장실매트,0,10,10,,,펫,N,0,0,0,0,0,미수집,0,
관상어_용품,20,10,10,,,펫,N,0,0,0,0,0,미수집,0,
기타 식기용품,0,10,10,,,리빙/홈,N,0,0,0,0,0,미수집,0,
고양이_소독,0,10,10,,,펫,N,0,0,0,0,0,미수집,0,
고양이_스낵,0,10,10,,,펫,N,0,0,0,0,0,미수집,0,
고양이_스크래쳐,1000,10,10,,,펫,N,0,0,0,0,0,미수집,0,
고양이_습식사료,0,10,10,,,식품,N,0,0,0,0,0,미수집,0,
고양이_영양제,260,10,10,,,뷰티/향수,Y,0,0,0,0,0,미수집,119,119순위
고양이_저키,0,10,10,,,펫,N,0,0,0,0,0,미수집,0,
고양이_캔,320,10,10,,,펫,N,0,0,0,0,0,미수집,0,
고양이_캣그라스,0,10,10,,,펫,N,0,0,0,0,0,미수집,0,
강아지_트릿,10,10,10,,,펫,N,0,0,0,0,0,미수집,0,
강아지_파우치,0,10,10,,,펫,N,0,0,0,0,0,미수집,0,
강아지_팬티,90,10,10,,,펫,N,0,0,0,0,0,미수집,0,
계단,6600,5570,5570,급하락,,기타,N,0,0,0,0,0,미수집,0,
고양이_건식사료,0,10,10,,,식품,N,0,0,0,0,0,미수집,0,
고양이_기타장난감,0,10,10,,,펫,N,0,0,0,0,0,미수집,0,
고양이_모래,2400,10,10,,,펫,N,0,0,0,0,0,미수집,0,
고양이_모래삽,0,10,10,,,펫,N,0,0,0,0,0,미수집,0,
강아지_수제간식,0,10,10,,,식품,N,0,0,0,0,0,미수집,0,
강아지_스낵,0,10,10,,,펫,N,0,0,0,0,0,미수집,0,
강아지_습식사료,0,10,10,,,식품,N,0,0,0,0,0,미수집,0,
강아지_영양제,720,10,10,,,뷰티/향수,Y,0,0,0,0,0,미수집,120,120순위
강아지_입마개,0,10,10,,,펫,N,0,0,0,0,0,미수집,0,
강아지_장난감,1900,10,10,,,펫,N,0,0,0,0,0,미수집,0,
강아지_저키,0,10,10,,,펫,N,0,0,0,0,0,미수집,0,
강아지_캔,10,10,10,,,펫,N,0,0,0,0,0,미수집,0,
치아관리,0,380,380,유지,,기타,N,0,0,0,0,0,미수집,0,
카시트,2400,37500,37500,하락,,유아동,N,0,0,0,0,0,미수집,0,
크리너,140,380,380,급하락,,기타,N,0,0,0,0,0,미수집,0,
탈취,880,2060,2060,급하락,,리빙/홈,N,0,0,0,0,0,미수집,0,
하네스,14800,18920,18920,하락,,펫,N,0,0,0,0,0,미수집,0,
하우스,5400,6750,6750,급하락,,펫,N,0,0,0,0,0,미수집,0,
가든용품,10,60,60,급상승,,리빙/홈,N,0,0,0,0,0,미수집,0,
옷,40500,18000,18000,급하락,,기타,N,0,0,0,0,0,미수집,0,
울타리,2900,7070,7070,하락,,의류,Y,0,0,0,0,0,미수집,39,39순위
이동가방,0,260,260,급하락,,가방,Y,0,0,0,0,0,미수집,31,31순위
이발기,880,2420,2420,급상승,,가전,N,0,0,0,0,0,미수집,0,
자동급식기,0,5610,5610,급하락,,펫,N,0,0,0,0,0,미수집,0,
정수기,9900,72700,72700,하락,,가전,N,0,0,0,0,0,미수집,0,
사료보관통,0,330,330,급하락,,식품,N,0,0,0,0,0,미수집,0,
소동물_용품,0,0,0,,,펫,N,0,0,0,0,0,미수집,0,
소동물·곤충_간식,0,0,0,,,식품,N,0,0,0,0,0,미수집,0,
소동물·곤충_사료,0,0,0,,,식품,N,0,0,0,0,0,미수집,0,
소동물·곤충_영양제,0,0,0,,,뷰티/향수,Y,0,0,0,0,0,미수집,0,
식기,1000,2750,2750,급하락,,리빙/홈,N,0,0,0,0,0,미수집,0,
안전문,0,3910,3910,급하락,,유아동,N,0,0,0,0,0,미수집,0,
드라이용품,0,10,10,,,기타,N,0,0,0,0,0,미수집,0,
목줄,3600,2850,2850,급하락,,펫,N,0,0,0,0,0,미수집,0,
브러쉬,1900,11960,11960,급하락,,펫,N,0,0,0,0,0,미수집,0,
트리,9900,4520,4520,급하락,,리빙/홈,N,0,0,0,0,0,미수집,0,
트리장식,0,420,420,급하락,,리빙/홈,N,0,0,0,0,0,미수집,0,
팬던트 조명,1600,3650,3650,급하락,,리빙/홈,N,0,0,0,0,0,미수집,0,
포스터,18100,12910,12910,급하락,,리빙/홈,N,0,0,0,0,0,미수집,0,
월아트,0,140,140,급하락,,리빙/홈,N,0,0,0,0,0,미수집,0,
플라워,2900,8820,8820,급하락,,리빙/홈,N,0,0,0,0,0,미수집,0,
식물,33100,22220,22220,상승,,리빙/홈,N,0,0,0,0,0,미수집,0,
오피스용품,20,230,230,급하락,,문구,N,0,0,0,0,0,미수집,0,
월데코,0,130,130,급하락,,리빙/홈,N,0,0,0,0,0,미수집,0,
캘린더,60500,321800,321800,상승,,문구,N,0,0,0,0,0,미수집,0,
크리스마스 소품,480,810,810,급하락,,리빙/홈,N,0,0,0,0,0,미수집,0,
크리스마스 장식,2900,2490,2490,급하락,,리빙/홈,N,0,0,0,0,0,미수집,0,
크리스마스 조명,480,4000,4000,급하락,,리빙/홈,N,0,0,0,0,0,미수집,0,
크리스마스 트리,14800,10360,10360,급하락,,리빙/홈,N,0,0,0,0,0,미수집,0,
테이블 조명,390,1790,1790,급하락,,가구,N,0,0,0,0,0,미수집,0,
벽장식,0,780,780,급하락,,액세서리,Y,0,0,0,0,0,미수집,54,54순위
벽조명,720,4640,4640,하락,,리빙/홈,N,0,0,0,0,0,미수집,0,
직부등,0,5840,5840,하락,,리빙/홈,N,0,0,0,0,0,미수집,0,
선물포장,0,5750,5750,급하락,,리빙/홈,N,0,0,0,0,0,미수집,0,
벽시계,3600,31440,31440,급하락,,주얼리/시계,Y,0,0,0,0,0,미수집,7,7순위
액자,6600,29400,29400,하락,,리빙/홈,N,0,0,0,0,0,미수집,0,
앨범,6600,7480,7480,급하락,,문구,N,0,0,0,0,0,미수집,0,
거울,14800,21250,21250,급하락,,리빙/홈,N,0,0,0,0,0,미수집,0,
노트류,0,10,10,,,문구,N,0,0,0,0,0,미수집,0,
다이어리,8100,31590,31590,급하락,,문구,N,0,0,0,0,0,미수집,0,
데코소품,0,15,15,,,문구,N,0,0,0,0,0,미수집,0,
문구데코,0,10,10,,,문구,N,0,0,0,0,0,미수집,0,
미술도구,0,580,580,급하락,,문구,N,0,0,0,0,0,미수집,0,
섀딩,0,150,150,급하락,,뷰티/향수,Y,0,0,0,0,0,미수집,102,102순위
치크블러셔,0,150,150,급상승,,뷰티/향수,Y,0,0,0,0,0,미수집,103,103순위
컨투어,590,670,670,급하락,,뷰티/향수,Y,0,0,0,0,0,미수집,87,87순위
하이라이터,12100,7000,7000,급하락,,뷰티/향수,Y,0,0,0,0,0,미수집,47,47순위
아이라이너,1900,13500,13500,급하락,,뷰티/향수,Y,0,0,0,0,0,미수집,22,22순위
아이브로우,1600,5910,5910,하락,,뷰티/향수,Y,0,0,0,0,0,미수집,54,54순위
아이섀도우,2400,4210,4210,하락,,뷰티/향수,Y,0,0,0,0,0,미수집,66,66순위
립밤,6600,35470,35470,급하락,,뷰티/향수,Y,0,0,0,0,0,미수집,9,9순위
립스틱,3600,12070,12070,급하락,,뷰티/향수,Y,0,0,0,0,0,미수집,27,27순위
틴트,4400,12280,12280,급하락,,뷰티/향수,Y,0,0,0,0,0,미수집,26,26순위
메이크업베이스,0,3180,3180,급하락,,뷰티/향수,Y,0,0,0,0,0,미수집,72,72순위
프라이머,8100,22620,22620,급하락,,뷰티/향수,Y,0,0,0,0,0,미수집,11,11순위
마스카라,4400,8570,8570,급하락,,뷰티/향수,Y,0,0,0,0,0,미수집,38,38순위
플래너,5400,5690,5690,급하락,,문구,N,0,0,0,0,0,미수집,0,
플로어 조명,140,690,690,하락,,리빙/홈,N,0,0,0,0,0,미수집,0,
필기류,0,70,70,급하락,,문구,N,0,0,0,0,0,미수집,0,
필통,9900,20180,20180,급하락,,문구,N,0,0,0,0,0,미수집,0,
화병,4400,9980,9980,급하락,,리빙/홈,N,0,0,0,0,0,미수집,0,
DIY,5400,7840,7840,급하락,,문구,N,0,0,0,0,0,미수집,0,
립글로즈,1000,1280,1280,급하락,,뷰티/향수,Y,0,0,0,0,0,미수집,84,84순위
CC,22200,3880,3880,급하락,,뷰티/향수,Y,0,0,0,0,0,미수집,68,68순위
키트&팔레트,0,10,10,,,뷰티/향수,Y,0,0,0,0,0,미수집,121,121순위
컨실러,4400,8970,8970,급하락,,뷰티/향수,Y,0,0,0,0,0,미수집,35,35순위
파운데이션,6600,20620,20620,급하락,,뷰티/향수,Y,0,0,0,0,0,미수집,15,15순위
팩트,2900,7200,7200,급하락,,뷰티/향수,Y,0,0,0,0,0,미수집,45,45순위
보습,1000,1280,1280,급하락,,뷰티/향수,Y,0,0,0,0,0,미수집,85,85순위
바디소품,0,10,10,,,뷰티/향수,Y,0,0,0,0,0,미수집,122,122순위
페이스소품,0,10,10,유지,,뷰티/향수,Y,0,0,0,0,0,미수집,123,123순위
헤어소품,10,40,40,급하락,,뷰티/향수,Y,0,0,0,0,0,미수집,113,113순위
지류,1900,3870,3870,급하락,,리빙/홈,N,0,0,0,0,0,미수집,0,
헤어기기,10,150,150,급하락,,뷰티/향수,Y,0,0,0,0,0,미수집,104,104순위
네일세트,0,210,210,급하락,,뷰티/향수,Y,0,0,0,0,0,미수집,99,99순위
네일케어도구,0,80,80,급하락,,뷰티/향수,Y,0,0,0,0,0,미수집,108,108순위
아트&스티커,0,10,10,,,문구,N,0,0,0,0,0,미수집,0,
일반네일,30,140,140,급하락,,뷰티/향수,Y,0,0,0,0,0,미수집,105,105순위
젤네일,0,21920,21920,하락,,뷰티/향수,Y,0,0,0,0,0,미수집,12,12순위
기타기기,0,10,10,,,가전,N,0,0,0,0,0,미수집,0,
바디기기,0,45,45,유지,,뷰티/향수,Y,0,0,0,0,0,미수집,112,112순위
페이스기기,0,25,25,유지,,뷰티/향수,Y,0,0,0,0,0,미수집,114,114순위
세트,14800,4000,4000,급하락,,기타,N,0,0,0,0,0,미수집,0,
하의,720,680,680,급하락,,의류,Y,0,0,0,0,0,미수집,84,84순위
상의,1900,15090,15090,급상승,,의류,Y,0,0,0,0,0,미수집,23,23순위
시계스트랩,390,1770,1770,하락,,주얼리/시계,Y,0,0,0,0,0,미수집,22,22순위
남성귀걸이,30,160,160,급하락,,주얼리/시계,Y,0,0,0,0,0,미수집,30,30순위
남성브로치,30,70,70,급하락,,주얼리/시계,Y,0,0,0,0,0,미수집,33,33순위
공용슈즈,0,10,10,,,신발,Y,0,0,0,0,0,미수집,53,53순위
슬립온,2400,10540,10540,급하락,,신발,Y,0,0,0,0,0,미수집,18,18순위
일반 스니커즈,0,10,10,,,신발,Y,0,0,0,0,0,미수집,54,54순위
뮬,110000,124800,124800,유지,,신발,Y,0,0,0,0,0,미수집,3,3순위
뮬 스니커즈,90,1440,1440,급하락,,신발,Y,0,0,0,0,0,미수집,37,37순위
방한부츠,260,1920,1920,급하락,,신발,Y,0,0,0,0,0,미수집,35,35순위
블로퍼,0,6000,6000,급하락,,신발,Y,0,0,0,0,0,미수집,24,24순위
스포츠샌들,260,840,840,급상승,,스포츠,N,0,0,0,0,0,미수집,0,
슬라이드,6600,2950,2950,하락,,신발,Y,0,0,0,0,0,미수집,32,32순위
클로그,0,8330,8330,급상승,,신발,Y,0,0,0,0,0,미수집,21,21순위
플립플랍,0,2130,2130,급상승,,신발,Y,0,0,0,0,0,미수집,34,34순위
드레스부츠,0,40,40,유지,,신발,Y,0,0,0,0,0,미수집,49,49순위
앵클,260,690,690,급하락,,신발,Y,0,0,0,0,0,미수집,41,41순위
숏 부츠,170,500,500,급하락,,신발,Y,0,0,0,0,0,미수집,44,44순위
미들,480,1490,1490,급하락,,신발,Y,0,0,0,0,0,미수집,36,36순위
하프 부츠,20,580,580,급하락,,신발,Y,0,0,0,0,0,미수집,42,42순위
스포츠,14800,335100,335100,하락,,스포츠,N,0,0,0,0,0,미수집,0,
캐주얼샌들,40,35,35,상승,,신발,Y,0,0,0,0,0,미수집,50,50순위
롱 부츠,2400,12860,12860,급하락,,신발,Y,0,0,0,0,0,미수집,17,17순위
고무팩,110,1140,1140,급하락,,스포츠,N,0,0,0,0,0,미수집,0,
마스크시트,110,450,450,급하락,,뷰티/향수,Y,0,0,0,0,0,미수집,93,93순위
모델링팩,2900,13320,13320,급하락,,뷰티/향수,Y,0,0,0,0,0,미수집,23,23순위
부분패치,0,10,10,유지,,뷰티/향수,Y,0,0,0,0,0,미수집,124,124순위
스킨케어,1600,7650,7650,급하락,,뷰티/향수,Y,0,0,0,0,0,미수집,43,43순위
헤어케어,210,590,590,급하락,,뷰티/향수,Y,0,0,0,0,0,미수집,90,90순위
화장품세트,0,3540,3540,급하락,,뷰티/향수,Y,0,0,0,0,0,미수집,70,70순위
여성레인부츠,90,260,260,급상승,,신발,Y,0,0,0,0,0,미수집,46,46순위
여성슈즈,40,790,790,급하락,,신발,Y,0,0,0,0,0,미수집,40,40순위
여성일반스니커즈,0,10,10,,,신발,Y,0,0,0,0,0,미수집,55,55순위
날면도기,320,760,760,급하락,,뷰티/향수,Y,0,0,0,0,0,미수집,86,86순위
바디케어,320,1670,1670,하락,,뷰티/향수,Y,0,0,0,0,0,미수집,83,83순위
쉐이빙케어,0,10,10,,,뷰티/향수,Y,0,0,0,0,0,미수집,125,125순위
남성레인부츠,110,490,490,급상승,,신발,Y,0,0,0,0,0,미수집,45,45순위
남성슈즈,20,160,160,급하락,,신발,Y,0,0,0,0,0,미수집,47,47순위
남성일반스니커즈,0,10,10,,,신발,Y,0,0,0,0,0,미수집,56,56순위
필링파우더,0,10,10,,,뷰티/향수,Y,0,0,0,0,0,미수집,126,126순위
필링패드,110,460,460,급하락,,뷰티/향수,Y,0,0,0,0,0,미수집,92,92순위
필링젤,1600,5130,5130,하락,,뷰티/향수,Y,0,0,0,0,0,미수집,58,58순위
필링크림,20,80,80,급하락,,뷰티/향수,Y,0,0,0,0,0,미수집,109,109순위
스킨케어세트,0,660,660,급하락,,뷰티/향수,Y,0,0,0,0,0,미수집,88,88순위
세럼,4400,10000,10000,급하락,,뷰티/향수,Y,0,0,0,0,0,미수집,31,31순위
필링토너,20,120,120,급하락,,뷰티/향수,Y,0,0,0,0,0,미수집,107,107순위
워시오프,0,190,190,급하락,,뷰티/향수,Y,0,0,0,0,0,미수집,100,100순위
코팩,1300,4950,4950,하락,,뷰티/향수,Y,0,0,0,0,0,미수집,61,61순위
선쿠션,720,2580,2580,급상승,,뷰티/향수,Y,0,0,0,0,0,미수집,76,76순위
수면팩,0,2090,2090,급하락,,뷰티/향수,Y,0,0,0,0,0,미수집,80,80순위
아이패치,1000,5070,5070,하락,,뷰티/향수,Y,0,0,0,0,0,미수집,59,59순위
미스트,6600,15930,15930,급하락,,뷰티/향수,Y,0,0,0,0,0,미수집,20,20순위
스킨,3600,7100,7100,급하락,,뷰티/향수,Y,0,0,0,0,0,미수집,46,46순위
토너,5400,8800,8800,급하락,,뷰티/향수,Y,0,0,0,0,0,미수집,36,36순위
바타입,0,15,15,,,뷰티/향수,Y,0,0,0,0,0,미수집,117,117순위
워터,1300,3310,3310,하락,,뷰티/향수,Y,0,0,0,0,0,미수집,71,71순위
티슈,880,3020,3020,하락,,리빙/홈,N,0,0,0,0,0,미수집,0,
폼,6600,12390,12390,급하락,,뷰티/향수,Y,0,0,0,0,0,미수집,25,25순위
아이크림,2400,19600,19600,급하락,,뷰티/향수,Y,0,0,0,0,0,미수집,18,18순위
올인원,2400,6310,6310,급하락,,뷰티/향수,Y,0,0,0,0,0,미수집,51,51순위
페이셜오일,30,270,270,급하락,,뷰티/향수,Y,0,0,0,0,0,미수집,96,96순위
페이셜크림,50,550,550,급하락,,뷰티/향수,Y,0,0,0,0,0,미수집,91,91순위
립아이리무버,0,125,125,하락,,뷰티/향수,Y,0,0,0,0,0,미수집,106,106순위
앰플,4400,9290,9290,급하락,,뷰티/향수,Y,0,0,0,0,0,미수집,33,33순위
넥크림,170,5210,5210,급하락,,뷰티/향수,Y,0,0,0,0,0,미수집,57,57순위
남성배드민턴의류,0,100,100,급하락,,스포츠,N,0,0,0,0,0,미수집,0,
반다나,9900,22350,22350,급상승,23,액세서리,Y,12,6,0,24,0,Weak,11,11순위
여성보드의류,0,10,10,,,스포츠,N,0,0,0,0,0,미수집,0,
여성스키의류,0,10,10,,,스포츠,N,0,0,0,0,0,미수집,0,
남성스키의류,0,10,10,,,스포츠,N,0,0,0,0,0,미수집,0,
남성보드의류,0,10,10,,,스포츠,N,0,0,0,0,0,미수집,0,
방한,590,2030,2030,급하락,,의류,Y,0,0,0,0,0,미수집,72,72순위
남성자전거의류,0,25,25,급상승,,스포츠,N,0,0,0,0,0,미수집,0,
여성자전거의류,10,150,150,급하락,,스포츠,N,0,0,0,0,0,미수집,0,
기능성웨어,30,25,25,하락,,스포츠,N,0,0,0,0,0,미수집,0,
킥보드,8100,21270,21270,급하락,,스포츠,N,0,0,0,0,0,미수집,0,
트레이닝복 세트,0,4210,4210,급하락,,리빙/홈,N,0,0,0,0,0,미수집,0,
언더레이어상의,0,10,10,유지,,의류,Y,0,0,0,0,0,미수집,109,109순위
언더레이어하의,0,10,10,유지,,의류,Y,0,0,0,0,0,미수집,110,110순위
언더웨어상의,0,10,10,,,언더웨어,Y,0,0,0,0,0,미수집,24,24순위
남성의류,590,2340,2340,급하락,,의류,Y,0,0,0,0,0,미수집,67,67순위
트레이닝세트,210,17540,17540,급하락,,리빙/홈,N,0,0,0,0,0,미수집,0,
언더웨어하의,0,10,10,,,언더웨어,Y,0,0,0,0,0,미수집,25,25순위
헤드밴드,0,1420,1420,유지,,액세서리,Y,0,0,0,0,0,미수집,50,50순위
신생아화,0,10,10,,,유아동,N,0,0,0,0,0,미수집,0,
장화,3600,15450,15450,유지,,신발,Y,0,0,0,0,0,미수집,14,14순위
신발주머니,720,4440,4440,유지,,가방,Y,0,0,0,0,0,미수집,23,23순위
캐리어,18100,124800,124800,하락,,가방,Y,0,0,0,0,0,미수집,3,3순위
구두,9900,23810,23810,급하락,39,신발,Y,0,0,0,30,0,Missing,7,7순위
단화,4400,8700,8700,급하락,,신발,Y,0,0,0,0,0,미수집,20,20순위
부티,480,3800,3800,급하락,,신발,Y,0,0,0,0,0,미수집,29,29순위
면류,140,90,90,급하락,,식품,N,0,0,0,0,0,미수집,0,
소스류,0,90,90,급하락,,식품,N,0,0,0,0,0,미수집,0,
김,27100,45690,45690,급하락,,식품,N,0,0,0,0,0,미수집,0,
손가방,720,2890,2890,급하락,,가방,Y,0,0,0,0,0,미수집,25,25순위
숄더,2900,2650,2650,하락,,가방,Y,0,0,0,0,0,미수집,26,26순위
수입과자,0,2350,2350,하락,,식품,N,0,0,0,0,0,미수집,0,
Tea,8100,3360,3360,급하락,,식품,N,0,0,0,0,0,미수집,0,
꼬치,6600,8890,8890,하락,,식품,N,0,0,0,0,0,미수집,0,
파티복,210,530,530,급하락,,리빙/홈,N,0,0,0,0,0,미수집,0,
쫄바지,210,470,470,급하락,,의류,Y,0,0,0,0,0,미수집,91,91순위
상하 세트,0,310,310,급하락,,의류,Y,0,0,0,0,0,미수집,93,93순위
수영복,18100,53300,53300,급상승,,수영/비치,Y,0,0,0,0,0,미수집,1,1순위
실내복,320,3710,3710,급하락,,언더웨어,Y,0,0,0,0,0,미수집,11,11순위
내의,880,1190,1190,급하락,,언더웨어,Y,0,0,0,0,0,미수집,20,20순위
스웨트,320,520,520,급하락,,의류,Y,0,0,0,0,0,미수집,89,89순위
아웃도어,0,5810,5810,급하락,,의류,Y,0,0,0,0,0,미수집,45,45순위
스키웨어,20,25,25,급상승,,스포츠,N,0,0,0,0,0,미수집,0,
상하복,20,1700,1700,급하락,,유아동,N,0,0,0,0,0,미수집,0,
바디수트,2400,6050,6050,하락,,유아동,N,0,0,0,0,0,미수집,0,
배냇저고리,0,16280,16280,급하락,,유아동,N,0,0,0,0,0,미수집,0,
배냇가운,0,1330,1330,급하락,,유아동,N,0,0,0,0,0,미수집,0,
잠옷,8100,51640,51640,급하락,19,언더웨어,Y,19,0,0,0,0,Strong,1,1순위
한복,33100,51740,51740,급하락,,스포츠,N,0,0,0,0,0,미수집,0,
우주복,4400,6840,6840,급하락,,유아동,N,0,0,0,0,0,미수집,0,
스윔웨어,210,880,880,급상승,,수영/비치,Y,0,0,0,0,0,미수집,23,23순위
내의류,0,10,10,,,언더웨어,Y,0,0,0,0,0,미수집,26,26순위
집업,1600,5460,5460,급하락,,의류,Y,0,0,0,0,0,미수집,46,46순위
발레복,2400,19460,19460,하락,,스포츠,N,0,0,0,0,0,미수집,0,
보드복,880,3360,3360,급하락,,스포츠,N,0,0,0,0,0,미수집,0,
스키복,2400,6660,6660,급하락,,스포츠,N,0,0,0,0,0,미수집,0,
스키용품,90,250,250,급하락,,스포츠,N,0,0,0,0,0,미수집,0,
아웃도어용품,20,50,50,급하락,,캠핑/등산,N,0,0,0,0,0,미수집,0,
목도리,8100,6250,6250,급하락,20,액세서리,Y,8,3,0,0,0,Weak,23,23순위
물놀이용품,320,920,920,급상승,,수영/비치,Y,0,0,0,0,0,미수집,22,22순위
배낭중형,0,10,10,,,캠핑/등산,N,0,0,0,0,0,미수집,0,
멀티스카프,170,990,990,급하락,,액세서리,Y,0,0,0,0,0,미수집,53,53순위
암벽화,590,1790,1790,하락,,캠핑/등산,N,0,0,0,0,0,미수집,0,
트래킹화,2900,10750,10750,급하락,,캠핑/등산,N,0,0,0,0,0,미수집,0,
두건,2900,5080,5080,하락,,액세서리,Y,0,0,0,0,0,미수집,34,34순위
여성등산화,0,4990,4990,급하락,,캠핑/등산,N,0,0,0,0,0,미수집,0,
클라이밍,12100,31930,31930,하락,,캠핑/등산,N,0,0,0,0,0,미수집,0,
공용등산화,0,10,10,유지,,캠핑/등산,N,0,0,0,0,0,미수집,0,
남성등산화,0,2890,2890,급하락,,캠핑/등산,N,0,0,0,0,0,미수집,0,
스패츠,2900,2400,2400,급하락,,캠핑/등산,N,0,0,0,0,0,미수집,0,
아이젠,14800,12160,12160,급하락,,캠핑/등산,N,0,0,0,0,0,미수집,0,
스토퍼,2900,9120,9120,급하락,,리빙/홈,N,0,0,0,0,0,미수집,0,
캠핑백,20,230,230,급하락,,캠핑/등산,N,0,0,0,0,0,미수집,0,
캠핑웨어,0,110,110,급하락,,캠핑/등산,N,0,0,0,0,0,미수집,0,
미디스커트,880,5880,5880,급상승,,의류,Y,0,0,0,0,0,미수집,44,44순위
노와이어브라,0,6570,6570,하락,,언더웨어,Y,0,0,0,0,0,미수집,8,8순위
브라렛,4400,8430,8430,급상승,,언더웨어,Y,0,0,0,0,0,미수집,7,7순위
반팔블라우스,480,2190,2190,급상승,,의류,Y,0,0,0,0,0,미수집,68,68순위
롱스커트,1900,13010,13010,급하락,,의류,Y,0,0,0,0,0,미수집,26,26순위
미니스커트,18100,4540,4540,급하락,31,의류,Y,18,0,0,19,0,Strong,55,55순위
긴팔블라우스,0,1780,1780,급하락,,의류,Y,0,0,0,0,0,미수집,75,75순위
민소매블라우스,480,1020,1020,급상승,,의류,Y,0,0,0,0,0,미수집,80,80순위
긴팔,590,3120,3120,급하락,,의류,Y,0,0,0,0,0,미수집,57,57순위
반팔,2900,3580,3580,급상승,,의류,Y,0,0,0,0,0,미수집,54,54순위
슬리브리스,1900,3700,3700,급상승,,의류,Y,0,0,0,0,0,미수집,53,53순위
트위드자켓,3600,27760,27760,급하락,,의류,Y,0,0,0,0,0,미수집,19,19순위
반팔원피스,170,1260,1260,급상승,,의류,Y,0,0,0,0,0,미수집,77,77순위
슬립원피스,0,1750,1750,급상승,,언더웨어,Y,0,0,0,0,0,미수집,19,19순위
와이어브라,0,3120,3120,상승,,언더웨어,Y,0,0,0,0,0,미수집,15,15순위
임산부언더웨어,0,10,10,,,유아동,N,0,0,0,0,0,미수집,0,
팬티,14800,15000,15000,급하락,,언더웨어,Y,0,0,0,0,0,미수집,3,3순위
긴팔원피스,110,3920,3920,급하락,,의류,Y,0,0,0,0,0,미수집,52,52순위
민소매원피스,1000,2190,2190,급상승,,의류,Y,0,0,0,0,0,미수집,69,69순위
보정웨어,0,10,10,유지,,언더웨어,Y,0,0,0,0,0,미수집,27,27순위
속바지,2400,3400,3400,하락,,언더웨어,Y,0,0,0,0,0,미수집,13,13순위
속치마,590,2580,2580,급상승,,언더웨어,Y,0,0,0,0,0,미수집,17,17순위
슬립,9900,10870,10870,급하락,,언더웨어,Y,0,0,0,0,0,미수집,5,5순위
캐미솔,4400,3800,3800,급상승,,언더웨어,Y,0,0,0,0,0,미수집,10,10순위
슬렉스,14800,3110,3110,급하락,,의류,Y,0,0,0,0,0,미수집,58,58순위
수유쿠션,720,18800,18800,급하락,,유아동,N,0,0,0,0,0,미수집,0,
용품,720,560,560,급하락,,기타,N,0,0,0,0,0,미수집,0,
젖병,1600,15310,15310,유지,,유아동,N,0,0,0,0,0,미수집,0,
젖꼭지,9900,3360,3360,급하락,,유아동,N,0,0,0,0,0,미수집,0,
젖병소독,0,1060,1060,하락,,유아동,N,0,0,0,0,0,미수집,0,
살균,480,500,500,급하락,,기타,N,0,0,0,0,0,미수집,0,
치발기,1600,14390,14390,급하락,,유아동,N,0,0,0,0,0,미수집,0,
목욕의자,880,7090,7090,상승,,가구,N,0,0,0,0,0,미수집,0,
샤워,5400,3460,3460,하락,,리빙/홈,N,0,0,0,0,0,미수집,0,
입욕용품,0,10,10,,,뷰티/향수,Y,0,0,0,0,0,미수집,127,127순위
샤워기홀더,0,2380,2380,하락,,리빙/홈,N,0,0,0,0,0,미수집,0,
샴푸캡,260,2490,2490,유지,,뷰티/향수,Y,0,0,0,0,0,미수집,77,77순위
욕조,3600,14410,14410,급하락,,리빙/홈,N,0,0,0,0,0,미수집,0,
타올,1000,6730,6730,하락,,리빙/홈,N,0,0,0,0,0,미수집,0,
선물세트,1900,38900,38900,급하락,,리빙/홈,N,0,0,0,0,0,미수집,0,
거즈,3600,5410,5410,급하락,,유아동,N,0,0,0,0,0,미수집,0,
기저귀,8100,31590,31590,하락,,유아동,N,0,0,0,0,0,미수집,0,
목욕 가운,1000,4290,4290,급하락,,리빙/홈,N,0,0,0,0,0,미수집,0,
유모차용품,0,60,60,하락,,유아동,N,0,0,0,0,0,미수집,0,
주니어카시트,590,17970,17970,하락,,유아동,N,0,0,0,0,0,미수집,0,
휴대용유모차,1300,25970,25970,하락,,유아동,N,0,0,0,0,0,미수집,0,
가구,6600,15660,15660,급하락,,가구,N,0,0,0,0,0,미수집,0,
칠판,4400,5630,5630,급하락,,유아동,N,0,0,0,0,0,미수집,0,
디럭스유모차,590,6440,6440,급하락,,유아동,N,0,0,0,0,0,미수집,0,
영유아카시트,0,420,420,하락,,유아동,N,0,0,0,0,0,미수집,0,
웨건액세서리,0,10,10,,,유아동,N,0,0,0,0,0,미수집,0,
기저귀가방,1000,43050,43050,하락,,유아동,N,0,0,0,0,0,미수집,0,
아기띠용품,0,10,10,,,유아동,N,0,0,0,0,0,미수집,0,
힙시트,0,8100,8100,유지,,유아동,N,0,0,0,0,0,미수집,0,
노리개,9900,14510,14510,급하락,,유아동,N,0,0,0,0,0,미수집,0,
바스,8100,9370,9370,하락,,유아동,N,0,0,0,0,0,미수집,0,
역할완구,0,10,10,,,유아동,N,0,0,0,0,0,미수집,0,
작동완구,0,40,40,급하락,,유아동,N,0,0,0,0,0,미수집,0,
학습완구,0,10,10,하락,,유아동,N,0,0,0,0,0,미수집,0,
소꿉완구,0,10,10,,,유아동,N,0,0,0,0,0,미수집,0,
신생아,4400,13180,13180,하락,,유아동,N,0,0,0,0,0,미수집,0,
영유아완구,0,10,10,유지,,유아동,N,0,0,0,0,0,미수집,0,
어린이도서,0,510,510,급하락,,문구,N,0,0,0,0,0,미수집,0,
대형완구,0,15,15,유지,,유아동,N,0,0,0,0,0,미수집,0,
물놀이완구,0,10,10,,,유아동,N,0,0,0,0,0,미수집,0,
블록완구,0,10,10,,,유아동,N,0,0,0,0,0,미수집,0,
실용도서,0,10,10,,,문구,N,0,0,0,0,0,미수집,0,
중등도서,0,25,25,급하락,,문구,N,0,0,0,0,0,미수집,0,
초등도서,0,230,230,급하락,,문구,N,0,0,0,0,0,미수집,0,
교구완구,0,10,10,유지,,유아동,N,0,0,0,0,0,미수집,0,
빨대컵,0,7840,7840,하락,,유아동,N,0,0,0,0,0,미수집,0,
스푼,33100,6520,6520,급하락,,리빙/홈,N,0,0,0,0,0,미수집,0,
수저,2400,6130,6130,급하락,,리빙/홈,N,0,0,0,0,0,미수집,0,
포크,5400,13890,13890,급하락,,리빙/홈,N,0,0,0,0,0,미수집,0,
턱받이,1000,9640,9640,급하락,,유아동,N,0,0,0,0,0,미수집,0,
기타임부용품,0,10,10,,,유아동,N,0,0,0,0,0,미수집,0,
임부복,1600,30900,30900,급하락,,유아동,N,0,0,0,0,0,미수집,0,
발싸개,260,730,730,급하락,,유아동,N,0,0,0,0,0,미수집,0,
수납,1300,3910,3910,급하락,,리빙/홈,N,0,0,0,0,0,미수집,0,
정리,2900,3400,3400,급하락,,리빙/홈,N,0,0,0,0,0,미수집,0,
유아침구,0,220,220,급하락,,유아동,N,0,0,0,0,0,미수집,0,
홈데코,0,720,720,급하락,,리빙/홈,N,0,0,0,0,0,미수집,0,
분유통,260,1240,1240,급하락,,유아동,N,0,0,0,0,0,미수집,0,
보온병,2400,11570,11570,급하락,,리빙/홈,N,0,0,0,0,0,미수집,0,
유아건강식,0,10,10,유지,,유아동,N,0,0,0,0,0,미수집,0,
겉싸개,320,5860,5860,급하락,,유아동,N,0,0,0,0,0,미수집,0,
속싸개,1000,11930,11930,하락,,유아동,N,0,0,0,0,0,미수집,0,
담요,4400,20650,20650,급하락,,리빙/홈,N,0,0,0,0,0,미수집,0,
손싸개,260,3430,3430,하락,,유아동,N,0,0,0,0,0,미수집,0,
학용품,1900,1700,1700,급하락,,유아동,N,0,0,0,0,0,미수집,0,
유아매트,260,6000,6000,급하락,,유아동,N,0,0,0,0,0,미수집,0,
수트,1900,3060,3060,급하락,,의류,Y,0,0,0,0,0,미수집,59,59순위
피부미용_삭제대상,0,10,10,,,기타,N,0,0,0,0,0,미수집,0,
기타 뷰티식품,0,10,10,,,뷰티/향수,Y,0,0,0,0,0,미수집,128,128순위
다이어트,14800,34680,34680,급하락,,건강식품,N,0,0,0,0,0,미수집,0,
뷰티,5400,6270,6270,급하락,,뷰티/향수,Y,0,0,0,0,0,미수집,52,52순위
루테인,6600,38980,38980,급하락,,건강식품,N,0,0,0,0,0,미수집,0,
비타민,14800,45500,45500,급하락,,건강식품,N,0,0,0,0,0,미수집,0,
오메가,12100,44840,44840,유지,,건강식품,N,0,0,0,0,0,미수집,0,
유산균,18100,115000,115000,하락,,건강식품,N,0,0,0,0,0,미수집,0,
콜라겐,5400,59500,59500,급하락,,건강식품,N,0,0,0,0,0,미수집,0,
공용쥬얼리세트,0,10,10,,,주얼리/시계,Y,0,0,0,0,0,미수집,39,39순위
여성발찌,0,95,95,급상승,,주얼리/시계,Y,0,0,0,0,0,미수집,31,31순위
실버바,0,10440,10440,급하락,,주얼리/시계,Y,0,0,0,0,0,미수집,9,9순위
아동쥬얼리,0,10,10,,,유아동,N,0,0,0,0,0,미수집,0,
순금바,0,920,920,급하락,,주얼리/시계,Y,0,0,0,0,0,미수집,26,26순위
기타쥬얼리,0,10,10,,,주얼리/시계,Y,0,0,0,0,0,미수집,40,40순위
순금,2400,16160,16160,급하락,,주얼리/시계,Y,0,0,0,0,0,미수집,8,8순위
돌선물,0,7200,7200,급하락,,주얼리/시계,Y,0,0,0,0,0,미수집,12,12순위
돌반지,2400,52430,52430,급하락,,주얼리/시계,Y,0,0,0,0,0,미수집,5,5순위
시트,18100,2710,2710,급하락,,기타,N,0,0,0,0,0,미수집,0,
남녀공용버킷햇,0,10,10,,,액세서리,Y,0,0,0,0,0,미수집,82,82순위
남녀공용비니,0,10,10,유지,,액세서리,Y,0,0,0,0,0,미수집,83,83순위
남녀공용스냅백,0,10,10,,,가방,Y,0,0,0,0,0,미수집,35,35순위
남녀공용썬캡,0,10,10,,,액세서리,Y,0,0,0,0,0,미수집,84,84순위
남녀공용야구모자,0,10,10,유지,,스포츠,N,0,0,0,0,0,미수집,0,
남녀공용털모자,0,10,10,,,액세서리,Y,0,0,0,0,0,미수집,85,85순위
남녀공용페도라,0,10,10,,,액세서리,Y,0,0,0,0,0,미수집,86,86순위
남성스카프,110,660,660,급하락,,액세서리,Y,0,0,0,0,0,미수집,55,55순위
남성안경,30,210,210,급상승,,액세서리,Y,0,0,0,0,0,미수집,65,65순위
서스펜더,1300,1880,1880,급하락,,액세서리,Y,0,0,0,0,0,미수집,47,47순위
남녀공용군모,0,10,10,,,액세서리,Y,0,0,0,0,0,미수집,87,87순위
남녀공용머플러,0,10,10,유지,,액세서리,Y,0,0,0,0,0,미수집,88,88순위
남녀공용스카프,0,10,10,,,액세서리,Y,0,0,0,0,0,미수집,89,89순위
남성깔창,0,45,45,급하락,,신발,Y,0,0,0,0,0,미수집,48,48순위
남성머플러,140,410,410,급하락,,액세서리,Y,0,0,0,0,0,미수집,58,58순위
안경케이스,720,6830,6830,유지,,액세서리,Y,0,0,0,0,0,미수집,28,28순위
공용양말,0,25,25,유지,,액세서리,Y,0,0,0,0,0,미수집,76,76순위
남성양말,260,4060,4060,급하락,,액세서리,Y,0,0,0,0,0,미수집,39,39순위
남성양말세트,0,200,200,급하락,,액세서리,Y,0,0,0,0,0,미수집,66,66순위
여성썬캡,0,3070,3070,급상승,,액세서리,Y,0,0,0,0,0,미수집,42,42순위
여성야구모자,0,800,800,급상승,,스포츠,N,0,0,0,0,0,미수집,0,
여성털모자,0,60,60,급하락,,액세서리,Y,0,0,0,0,0,미수집,74,74순위
여성페도라,0,70,70,급하락,,액세서리,Y,0,0,0,0,0,미수집,72,72순위
남성손수건,0,670,670,급상승,,리빙/홈,N,0,0,0,0,0,미수집,0,
여성손수건,0,590,590,급상승,,리빙/홈,N,0,0,0,0,0,미수집,0,
남성페도라,0,80,80,급상승,,액세서리,Y,0,0,0,0,0,미수집,69,69순위
여성 햇,0,15,15,하락,,액세서리,Y,0,0,0,0,0,미수집,78,78순위
여성군모,0,75,75,급하락,,액세서리,Y,0,0,0,0,0,미수집,71,71순위
여성버킷햇,0,2640,2640,하락,,액세서리,Y,0,0,0,0,0,미수집,45,45순위
여성비니,20,260,260,급하락,,액세서리,Y,0,0,0,0,0,미수집,62,62순위
여성스냅백,0,25,25,유지,,가방,Y,0,0,0,0,0,미수집,33,33순위
남성군모,0,60,60,급하락,,액세서리,Y,0,0,0,0,0,미수집,75,75순위
남성버킷햇,0,310,310,급상승,,액세서리,Y,0,0,0,0,0,미수집,59,59순위
남성비니,30,140,140,급하락,,액세서리,Y,0,0,0,0,0,미수집,68,68순위
남성스냅백,0,25,25,하락,,가방,Y,0,0,0,0,0,미수집,34,34순위
남성썬캡,0,70,70,급상승,,액세서리,Y,0,0,0,0,0,미수집,73,73순위
남성야구모자,20,110,110,급상승,,스포츠,N,0,0,0,0,0,미수집,0,
남성털모자,0,15,15,급상승,,액세서리,Y,0,0,0,0,0,미수집,79,79순위
노트북케이스,1000,3310,3310,급하락,,가전,N,0,0,0,0,0,미수집,0,
이어폰케이스,590,1320,1320,급하락,,가전,N,0,0,0,0,0,미수집,0,
태블릿케이스,590,1510,1510,급하락,,가전,N,0,0,0,0,0,미수집,0,
핸드폰보조배터리,0,1190,1190,하락,,가전,N,0,0,0,0,0,미수집,0,
핸드폰케이스,0,57440,57440,하락,,가전,N,0,0,0,0,0,미수집,0,
남성워머,0,15,15,급하락,,액세서리,Y,0,0,0,0,0,미수집,80,80순위
여성워머,0,25,25,급하락,,액세서리,Y,0,0,0,0,0,미수집,77,77순위
여성숄,20,230,230,급하락,,액세서리,Y,0,0,0,0,0,미수집,64,64순위
여성스카프,210,2150,2150,급하락,,액세서리,Y,0,0,0,0,0,미수집,46,46순위
여성안경,20,240,240,하락,,액세서리,Y,0,0,0,0,0,미수집,63,63순위
여행소품,0,90,90,급하락,,리빙/홈,N,0,0,0,0,0,미수집,0,
와펜,4400,11980,11980,급하락,,액세서리,Y,0,0,0,0,0,미수집,20,20순위
여성양말,320,5880,5880,급하락,,액세서리,Y,0,0,0,0,0,미수집,31,31순위
여성양말세트,0,630,630,급하락,,액세서리,Y,0,0,0,0,0,미수집,56,56순위
양산,12100,41300,41300,급상승,,액세서리,Y,0,0,0,0,0,미수집,9,9순위
여성 퍼 머플러,0,10,10,,,액세서리,Y,0,0,0,0,0,미수집,90,90순위
여성머플러,90,300,300,급하락,,액세서리,Y,0,0,0,0,0,미수집,60,60순위
여성선글라스,170,1390,1390,급상승,,리빙/홈,N,0,0,0,0,0,미수집,0,
음료,49500,6110,6110,급하락,,식품,N,0,0,0,0,0,미수집,0,
차,27100,27160,27160,하락,,기타,N,0,0,0,0,0,미수집,0,
고체향수,1600,7680,7680,하락,,뷰티/향수,Y,0,0,0,0,0,미수집,42,42순위
공용향수,30,25,25,유지,,뷰티/향수,Y,0,0,0,0,0,미수집,115,115순위
남성향수,260,2060,2060,급하락,,뷰티/향수,Y,0,0,0,0,0,미수집,81,81순위
드레스퍼퓸,170,630,630,급하락,,뷰티/향수,Y,0,0,0,0,0,미수집,89,89순위
룸스프레이,0,6240,6240,급하락,,뷰티/향수,Y,0,0,0,0,0,미수집,53,53순위
여성쥬얼리,30,90,90,하락,,주얼리/시계,Y,0,0,0,0,0,미수집,32,32순위
가공식품,0,2050,2050,급하락,,식품,N,0,0,0,0,0,미수집,0,
간편요리,0,260,260,급하락,,식품,N,0,0,0,0,0,미수집,0,
소스,2900,4940,4940,급하락,,식품,N,0,0,0,0,0,미수집,0,
여성모자,390,3810,3810,급하락,,액세서리,Y,0,0,0,0,0,미수집,40,40순위
공용장갑,0,15,15,유지,,액세서리,Y,0,0,0,0,0,미수집,81,81순위
남성모자,170,1730,1730,하락,,액세서리,Y,0,0,0,0,0,미수집,49,49순위
남성쥬얼리,30,30,30,하락,,주얼리/시계,Y,0,0,0,0,0,미수집,34,34순위
여성향수,210,2040,2040,하락,,뷰티/향수,Y,0,0,0,0,0,미수집,82,82순위
캔들홀더,0,780,780,급하락,,리빙/홈,N,0,0,0,0,0,미수집,0,
여성가방,1600,18850,18850,급하락,,가방,Y,0,0,0,0,0,미수집,12,12순위
모카신,1300,4520,4520,급하락,,신발,Y,0,0,0,0,0,미수집,26,26순위
웨지샌들,320,550,550,급상승,,골프,Y,0,0,0,0,0,미수집,27,27순위
장,9900,6910,6910,급하락,,기타,N,0,0,0,0,0,미수집,0,
토오픈,20,70,70,급상승,,기타,N,0,0,0,0,0,미수집,0,
BB,6600,2890,2890,급하락,,뷰티/향수,Y,0,0,0,0,0,미수집,74,74순위
가공품,170,270,270,급하락,,기타,N,0,0,0,0,0,미수집,0,
가디건,9900,38880,38880,급하락,20,의류,Y,0,0,0,14,0,Missing,2,2순위
가방악세사리,110,630,630,급하락,,가방,Y,0,0,0,0,0,미수집,28,28순위
가운,2400,3470,3470,급하락,,리빙/홈,N,0,0,0,0,0,미수집,0,
건강식품,0,5830,5830,하락,,건강식품,N,0,0,0,0,0,미수집,0,
건조망,0,560,560,급하락,,리빙/홈,N,0,0,0,0,0,미수집,0,
고글,4400,6720,6720,하락,,액세서리,Y,0,0,0,0,0,미수집,29,29순위
공용귀걸이,0,10,10,,,주얼리/시계,Y,0,0,0,0,0,미수집,41,41순위
공용기타쥬얼리,0,10,10,,,리빙/홈,N,0,0,0,0,0,미수집,0,
공용목걸이,0,15,15,유지,,주얼리/시계,Y,0,0,0,0,0,미수집,36,36순위
공용반지,0,10,10,,,주얼리/시계,Y,0,0,0,0,0,미수집,42,42순위
공용브로치,0,10,10,,,주얼리/시계,Y,0,0,0,0,0,미수집,43,43순위
공용시계,0,15,15,유지,,주얼리/시계,Y,0,0,0,0,0,미수집,37,37순위
공용팔찌,0,15,15,유지,,주얼리/시계,Y,0,0,0,0,0,미수집,38,38순위
공용헤어ACC,0,10,10,,,뷰티/향수,Y,0,0,0,0,0,미수집,129,129순위
구강청결제,0,4030,4030,급하락,,뷰티/향수,Y,0,0,0,0,0,미수집,67,67순위
구명조끼,2900,15060,15060,급상승,,의류,Y,0,0,0,0,0,미수집,24,24순위
군모,1300,1760,1760,급하락,,액세서리,Y,0,0,0,0,0,미수집,48,48순위
귀걸이,6600,58280,58280,급하락,,주얼리/시계,Y,0,0,0,0,0,미수집,4,4순위
귀마개,6600,9750,9750,급하락,,액세서리,Y,0,0,0,0,0,미수집,21,21순위
그릴,2400,6800,6800,급하락,,캠핑/등산,N,0,0,0,0,0,미수집,0,
기본가디건,0,240,240,급하락,,의류,Y,0,0,0,0,0,미수집,95,95순위
기타,27100,18320,18320,급하락,,기타,N,0,0,0,0,0,미수집,0,
기타 구기,0,10,10,,,스포츠,N,0,0,0,0,0,미수집,0,
기타 낚시용품,0,10,10,,,낚시,N,0,0,0,0,0,미수집,0,
기타 서핑용품,0,10,10,,,기타,N,0,0,0,0,0,미수집,0,
기타 수영용품,0,10,10,유지,,수영/비치,Y,0,0,0,0,0,미수집,27,27순위
기타 야구용품,0,10,10,,,스포츠,N,0,0,0,0,0,미수집,0,
기타 요가용품,0,10,10,,,스포츠,N,0,0,0,0,0,미수집,0,
기타 헬스용품,0,10,10,,,스포츠,N,0,0,0,0,0,미수집,0,
기타ACC,0,10,10,,,액세서리,Y,0,0,0,0,0,미수집,91,91순위
기타모자,0,10,10,,,액세서리,Y,0,0,0,0,0,미수집,92,92순위
기타소품,30,35,35,급하락,,리빙/홈,N,0,0,0,0,0,미수집,0,
기타용품,140,220,220,급하락,,기타,N,0,0,0,0,0,미수집,0,
기타캠핑용품,0,10,10,,,캠핑/등산,N,0,0,0,0,0,미수집,0,
긴팔셔츠,210,1060,1060,급하락,,의류,Y,0,0,0,0,0,미수집,79,79순위
긴팔티셔츠,1300,6250,6250,급하락,,의류,Y,0,0,0,0,0,미수집,41,41순위
낚시가방,720,12160,12160,하락,,낚시,N,0,0,0,0,0,미수집,0,
낚시의류,110,1630,1630,하락,,낚시,N,0,0,0,0,0,미수집,0,
낚시찌,720,1490,1490,급하락,,낚시,N,0,0,0,0,0,미수집,0,
난방용품,140,260,260,급하락,,캠핑/등산,N,0,0,0,0,0,미수집,0,
남녀공용,0,420,420,급하락,,기타,N,0,0,0,0,0,미수집,0,
남녀공용시계,0,25,25,유지,,주얼리/시계,Y,0,0,0,0,0,미수집,35,35순위
남성목걸이,170,1280,1280,상승,,주얼리/시계,Y,0,0,0,0,0,미수집,24,24순위
남성반지,170,740,740,유지,,주얼리/시계,Y,0,0,0,0,0,미수집,27,27순위
남성배드민턴상의,0,10,10,,,스포츠,N,0,0,0,0,0,미수집,0,
남성벨트,590,20460,20460,급상승,,지갑/벨트,Y,0,0,0,0,0,미수집,3,3순위
남성보드복상의,0,10,10,급상승,,스포츠,N,0,0,0,0,0,미수집,0,
남성보드복하의,0,10,10,유지,,스포츠,N,0,0,0,0,0,미수집,0,
남성비치웨어,20,70,70,급상승,,수영/비치,Y,0,0,0,0,0,미수집,26,26순위
남성사각,0,20,20,유지,,언더웨어,Y,0,0,0,0,0,미수집,23,23순위
남성삼각,30,80,80,급하락,,언더웨어,Y,0,0,0,0,0,미수집,21,21순위
남성선글라스,110,1260,1260,급상승,,리빙/홈,N,0,0,0,0,0,미수집,0,
남성스키복상의,0,10,10,급상승,,스포츠,N,0,0,0,0,0,미수집,0,
남성스키복하의,0,10,10,유지,,스포츠,N,0,0,0,0,0,미수집,0,
남성스포츠글라스,0,10,10,유지,,리빙/홈,N,0,0,0,0,0,미수집,0,
남성시계,480,4360,4360,하락,,주얼리/시계,Y,0,0,0,0,0,미수집,14,14순위
남성싸이클링상의,0,10,10,,,의류,Y,0,0,0,0,0,미수집,111,111순위
남성싸이클링하의,0,10,10,,,의류,Y,0,0,0,0,0,미수집,112,112순위
남성장갑,50,200,200,급하락,,액세서리,Y,0,0,0,0,0,미수집,67,67순위
남성지갑,590,8440,8440,하락,,지갑/벨트,Y,0,0,0,0,0,미수집,8,8순위
남성팔찌,260,2800,2800,상승,,주얼리/시계,Y,0,0,0,0,0,미수집,19,19순위
남아래쉬가드,0,750,750,급상승,,수영/비치,Y,0,0,0,0,0,미수집,24,24순위
남아수영복,0,2330,2330,급상승,,수영/비치,Y,0,0,0,0,0,미수집,18,18순위
내복,1900,3680,3680,급하락,,언더웨어,Y,0,0,0,0,0,미수집,12,12순위
넥워머,4400,5880,5880,급하락,,액세서리,Y,0,0,0,0,0,미수집,32,32순위
넥타이,8100,20240,20240,급하락,32,액세서리,Y,0,0,0,21,0,Missing,7,7순위
농구화,4400,10220,10220,하락,,스포츠,N,0,0,0,0,0,미수집,0,
니트,14800,21840,21840,급하락,19,의류,Y,43,2,0,8,0,Weak,18,18순위
다운,5400,4720,4720,급하락,,의류,Y,0,0,0,0,0,미수집,48,48순위
다운점퍼,210,580,580,급하락,,의류,Y,0,0,0,0,0,미수집,86,86순위
더플백,5400,12300,12300,유지,,가방,Y,0,0,0,0,0,미수집,17,17순위
덤벨,6600,24330,24330,급상승,,스포츠,N,0,0,0,0,0,미수집,0,
데님팬츠,2900,5180,5180,급하락,,의류,Y,0,0,0,0,0,미수집,47,47순위
데오드란트,8100,17790,17790,급상승,,뷰티/향수,Y,0,0,0,0,0,미수집,19,19순위
도서,40500,19470,19470,급상승,,문구,N,0,0,0,0,0,미수집,0,
돗자리,3600,40770,40770,하락,,캠핑/등산,N,0,0,0,0,0,미수집,0,
동전지갑,1300,6770,6770,급하락,,지갑/벨트,Y,0,0,0,0,0,미수집,9,9순위
드레스,27100,11360,11360,급하락,31,의류,Y,35,0,0,0,0,Strong,34,34순위
디퓨저,14800,35200,35200,급하락,,리빙/홈,N,0,0,0,0,0,미수집,0,
땀복,1300,6790,6790,급하락,,의류,Y,0,0,0,0,0,미수집,40,40순위
라운지웨어,720,2290,2290,급하락,,언더웨어,Y,0,0,0,0,0,미수집,18,18순위
라켓용품,0,10,10,,,스포츠,N,0,0,0,0,0,미수집,0,
래쉬가드,0,24720,24720,급상승,,수영/비치,Y,0,0,0,0,0,미수집,2,2순위
랜턴,4400,9900,9900,급하락,,캠핑/등산,N,0,0,0,0,0,미수집,0,
런닝,3600,15160,15160,급하락,,언더웨어,Y,0,0,0,0,0,미수집,2,2순위
런닝화,12100,56600,56600,급하락,,신발,Y,0,0,0,0,0,미수집,8,8순위
레깅스,33100,13140,13140,급하락,31,의류,Y,0,12,0,41,0,Missing,15,15순위
레이스업슈즈,20,560,560,급상승,,신발,Y,0,0,0,0,0,미수집,43,43순위
레인부츠,2900,4420,4420,급상승,,신발,Y,0,0,0,0,0,미수집,27,27순위
레인코트,1000,2880,2880,하락,,의류,Y,0,0,0,0,0,미수집,62,62순위
로션,3600,8430,8430,급하락,,뷰티/향수,Y,0,0,0,0,0,미수집,39,39순위
로퍼,12100,36990,36990,급하락,20,신발,Y,0,19,0,0,0,Missing,1,1순위
롱,1600,1880,1880,급하락,,의류,Y,0,0,0,0,0,미수집,73,73순위
롱가디건,390,2920,2920,급하락,,의류,Y,0,0,0,0,0,미수집,61,61순위
롱자켓,170,640,640,급하락,,의류,Y,0,0,0,0,0,미수집,85,85순위
롱코트,2400,2100,2100,급하락,,의류,Y,0,0,0,0,0,미수집,71,71순위
롱팬츠,20,110,110,급하락,,의류,Y,0,0,0,0,0,미수집,100,100순위
루어낚시,1300,4030,4030,유지,,낚시,N,0,0,0,0,0,미수집,0,
린스,3600,5650,5650,하락,,뷰티/향수,Y,0,0,0,0,0,미수집,56,56순위
마스크,12100,62800,62800,급하락,,액세서리,Y,0,0,0,0,0,미수집,6,6순위
매트,4400,27170,27170,급하락,,리빙/홈,N,0,0,0,0,0,미수집,0,
맨투맨,9900,35830,35830,급하락,,의류,Y,0,0,0,0,0,미수집,16,16순위
머니클립,0,4720,4720,하락,,지갑/벨트,Y,0,0,0,0,0,미수집,12,12순위
머플러,5400,7770,7770,급하락,,액세서리,Y,0,0,0,0,0,미수집,25,25순위
메이크업,3600,13680,13680,급하락,,뷰티/향수,Y,0,0,0,0,0,미수집,21,21순위
멜빵,3600,3560,3560,급하락,,액세서리,Y,0,0,0,0,0,미수집,41,41순위
명함지갑,2400,12920,12920,급하락,,지갑/벨트,Y,0,0,0,0,0,미수집,4,4순위
모노키니,0,10130,10130,급상승,,수영/비치,Y,0,0,0,0,0,미수집,8,8순위
모시,1600,6070,6070,하락,,의류,Y,0,0,0,0,0,미수집,43,43순위
모자,14800,37890,37890,하락,18,액세서리,Y,0,0,0,12,0,Missing,4,4순위
목걸이,12100,69360,69360,급하락,,주얼리/시계,Y,0,0,0,0,0,미수집,2,2순위
무스탕,12100,13220,13220,급하락,20,의류,Y,13,2,0,0,0,Weak,20,20순위
물병,2900,15800,15800,급하락,,기타,N,0,0,0,0,0,미수집,0,
물안경,1300,5770,5770,급상승,,수영/비치,Y,0,0,0,0,0,미수집,11,11순위
물통,3600,10290,10290,하락,,캠핑/등산,N,0,0,0,0,0,미수집,0,
물티슈,49500,75000,75000,하락,,유아동,N,0,0,0,0,0,미수집,0,
미니백,1300,13640,13640,하락,,가방,Y,0,0,0,0,0,미수집,16,16순위
민물낚시,1000,1370,1370,유지,,낚시,N,0,0,0,0,0,미수집,0,
민소매셔츠,720,250,250,급상승,,의류,Y,0,0,0,0,0,미수집,94,94순위
민소매티셔츠,590,780,780,급상승,,의류,Y,0,0,0,0,0,미수집,83,83순위
바다낚시,1600,6520,6520,하락,,낚시,N,0,0,0,0,0,미수집,0,
바디로션,5400,52000,52000,급하락,,뷰티/향수,Y,0,0,0,0,0,미수집,4,4순위
바디리프팅,50,410,410,하락,,뷰티/향수,Y,0,0,0,0,0,미수집,94,94순위
바디미스트,1600,8600,8600,급상승,,뷰티/향수,Y,0,0,0,0,0,미수집,37,37순위
바디스크럽,2400,11290,11290,상승,,뷰티/향수,Y,0,0,0,0,0,미수집,28,28순위
바디슬리밍,0,250,250,급하락,,뷰티/향수,Y,0,0,0,0,0,미수집,98,98순위
바디오일,1000,9580,9580,급하락,,뷰티/향수,Y,0,0,0,0,0,미수집,32,32순위
바디크림,390,4390,4390,급하락,,뷰티/향수,Y,0,0,0,0,0,미수집,63,63순위
바디클렌져,0,2820,2820,유지,,뷰티/향수,Y,0,0,0,0,0,미수집,75,75순위
바디패치,0,70,70,급하락,,뷰티/향수,Y,0,0,0,0,0,미수집,110,110순위
바라클라바,0,17770,17770,급하락,,액세서리,Y,0,0,0,0,0,미수집,14,14순위
바람막이,12100,101300,101300,급하락,19,의류,Y,0,0,0,20,0,Missing,1,1순위
바지,40500,20860,20860,급하락,19,의류,Y,0,0,0,14,0,Missing,7,7순위
반지,12100,48960,48960,급하락,,주얼리/시계,Y,0,0,0,0,0,미수집,6,6순위
반지갑,1600,6010,6010,급하락,,지갑/벨트,Y,0,0,0,0,0,미수집,10,10순위
반팔셔츠,2400,2500,2500,급상승,,의류,Y,0,0,0,0,0,미수집,66,66순위
반팔티셔츠,4400,2140,2140,급하락,,의류,Y,0,0,0,0,0,미수집,70,70순위
발찌,1000,2680,2680,급상승,,주얼리/시계,Y,0,0,0,0,0,미수집,21,21순위
방수팩,880,8420,8420,급상승,,기타,N,0,0,0,0,0,미수집,0,
방한모자,390,1010,1010,급하락,,액세서리,Y,0,0,0,0,0,미수집,52,52순위
방한용품,590,1170,1170,급하락,,골프,Y,0,0,0,0,0,미수집,21,21순위
방한화,1300,6890,6890,급하락,,신발,Y,0,0,0,0,0,미수집,23,23순위
배게,33100,45410,45410,하락,,리빙/홈,N,0,0,0,0,0,미수집,0,
배낭대형,0,10,10,,,캠핑/등산,N,0,0,0,0,0,미수집,0,
배낭소형,0,15,15,,,캠핑/등산,N,0,0,0,0,0,미수집,0,
배드민턴라켓,6600,20780,20780,급하락,,스포츠,N,0,0,0,0,0,미수집,0,
배드민턴용품,260,1630,1630,급하락,,스포츠,N,0,0,0,0,0,미수집,0,
백팩,9900,77600,77600,하락,20,가방,Y,0,0,0,24,0,Missing,1,1순위
버블바스,0,310,310,급하락,,뷰티/향수,Y,0,0,0,0,0,미수집,95,95순위
버킷햇,0,12100,12100,상승,,액세서리,Y,0,0,0,0,0,미수집,19,19순위
베드민턴화,0,1410,1410,급상승,,신발,Y,0,0,0,0,0,미수집,38,38순위
베스트,4400,7890,7890,급하락,,의류,Y,0,0,0,0,0,미수집,36,36순위
벨트,6600,18430,18430,급하락,26,지갑/벨트,Y,0,0,67,0,0,Missing,2,2순위
보드,4400,6360,6360,급하락,,스포츠,N,0,0,0,0,0,미수집,0,
보드숏,390,1600,1600,급상승,,스포츠,N,0,0,0,0,0,미수집,0,
보드용품,20,15,15,급상승,,스포츠,N,0,0,0,0,0,미수집,0,
보드장갑,110,320,320,급하락,,스포츠,N,0,0,0,0,0,미수집,0,
보스턴백,5400,28020,28020,급하락,,가방,Y,0,0,0,0,0,미수집,8,8순위
보스톤백,5400,10,10,급하락,,가방,Y,0,0,0,0,0,미수집,36,36순위
보호대,720,1490,1490,급하락,,스포츠,N,0,0,0,0,0,미수집,0,
볼펜,6600,13640,13640,급하락,,기타,N,0,0,0,0,0,미수집,0,
부츠,12100,17360,17360,급하락,26,신발,Y,0,3,0,48,0,Missing,6,6순위
브라탑,0,9970,9970,급상승,,언더웨어,Y,0,0,0,0,0,미수집,6,6순위
블라우스,18100,37830,37830,상승,24,의류,Y,0,2,0,16,0,Missing,3,3순위
비누,14800,23300,23300,급하락,,뷰티/향수,Y,0,0,0,0,0,미수집,10,10순위
비니,8100,11010,11010,급하락,27,액세서리,Y,0,0,0,23,0,Missing,10,10순위
비치백,320,1760,1760,급상승,,수영/비치,Y,0,0,0,0,0,미수집,19,19순위
비치웨어,1000,2810,2810,급상승,,수영/비치,Y,0,0,0,0,0,미수집,17,17순위
비치타올,1000,4480,4480,급상승,,수영/비치,Y,0,0,0,0,0,미수집,14,14순위
비키니수영복,0,1160,1160,급상승,,수영/비치,Y,0,0,0,0,0,미수집,20,20순위
샌들,6600,14260,14260,급상승,21,신발,Y,30,11,0,0,0,Weak,11,11순위
샴푸,8100,75200,75200,급하락,,뷰티/향수,Y,0,0,0,0,0,미수집,2,2순위
서류가방,2400,9590,9590,급하락,,가방,Y,0,0,0,0,0,미수집,19,19순위
선글라스,18100,48700,48700,급하락,20,리빙/홈,N,0,18,0,0,0,Missing,0,
선케어,110,190,190,급하락,,뷰티/향수,Y,0,0,0,0,0,미수집,101,101순위
설거지통,0,4850,4850,상승,,리빙/홈,N,0,0,0,0,0,미수집,0,
셔츠,22200,27340,27340,급하락,29,의류,Y,0,23,0,24,0,Missing,6,6순위
손목밴드,0,4000,4000,유지,,스포츠,N,0,0,0,0,0,미수집,0,
손목보호대,0,51200,51200,하락,,스포츠,N,0,0,0,0,0,미수집,0,
손수건,2900,13640,13640,급상승,,액세서리,Y,0,0,0,0,0,미수집,17,17순위
숄,3600,5030,5030,급하락,,액세서리,Y,0,0,0,0,0,미수집,35,35순위
숄더백,3600,27060,27060,하락,,가방,Y,0,0,0,0,0,미수집,10,10순위
숏,1900,1870,1870,급하락,,의류,Y,0,0,0,0,0,미수집,74,74순위
숏레깅스,590,540,540,급상승,,의류,Y,0,0,0,0,0,미수집,87,87순위
숏팬츠,1600,980,980,급상승,,의류,Y,0,0,0,0,0,미수집,81,81순위
수경,1900,18660,18660,급상승,,수영/비치,Y,0,0,0,0,0,미수집,4,4순위
수모,1900,13000,13000,유지,,수영/비치,Y,0,0,0,0,0,미수집,5,5순위
수비장갑,20,270,270,급하락,,액세서리,Y,0,0,0,0,0,미수집,61,61순위
수영가방,1300,23820,23820,급상승,,수영/비치,Y,0,0,0,0,0,미수집,3,3순위
수영모,720,4360,4360,급상승,,수영/비치,Y,0,0,0,0,0,미수집,15,15순위
수하물캐리어,0,170,170,급하락,,가방,Y,0,0,0,0,0,미수집,32,32순위
스냅백,4400,6570,6570,급하락,,액세서리,Y,0,0,0,0,0,미수집,30,30순위
스노클,2900,5120,5120,급상승,,수영/비치,Y,0,0,0,0,0,미수집,13,13순위
스니커즈,14800,35730,35730,급하락,23,신발,Y,0,55,0,0,0,Missing,2,2순위
스웨터,8100,3950,3950,급하락,,의류,Y,0,0,0,0,0,미수집,51,51순위
스카프,5400,48110,48110,급하락,23,액세서리,Y,0,56,0,0,0,Missing,2,2순위
스커트,4400,12290,12290,하락,,의류,Y,0,0,0,0,0,미수집,28,28순위
스키,22200,5880,5880,급하락,,스포츠,N,0,0,0,0,0,미수집,0,
스키장비세트,0,100,100,급하락,,스포츠,N,0,0,0,0,0,미수집,0,
스타킹,18100,11240,11240,급하락,24,액세서리,Y,0,0,0,0,20,Missing,8,8순위
스토브,33100,26600,26600,급하락,,캠핑/등산,N,0,0,0,0,0,미수집,0,
스트랩샌들,1000,990,990,급상승,,신발,Y,0,0,0,0,0,미수집,39,39순위
스틱,1600,2760,2760,급하락,,기타,N,0,0,0,0,0,미수집,0,
스페셜케어,0,25,25,,,뷰티/향수,Y,0,0,0,0,0,미수집,116,116순위
스포츠양말,880,17550,17550,급하락,,스포츠,N,0,0,0,0,0,미수집,0,
스포츠언더웨어,20,80,80,급하락,,스포츠,N,0,0,0,0,0,미수집,0,
스포츠타올,1300,7560,7560,급상승,,스포츠,N,0,0,0,0,0,미수집,0,
스포츠화,50,110,110,급하락,,스포츠,N,0,0,0,0,0,미수집,0,
스프레이,2900,4250,4250,급하락,,뷰티/향수,Y,0,0,0,0,0,미수집,65,65순위
슬리브,6600,14320,14320,하락,,의류,Y,0,0,0,0,0,미수집,25,25순위
슬리퍼,12100,86600,86600,하락,,신발,Y,0,0,0,0,0,미수집,4,4순위
슬링백,6600,27280,27280,하락,,가방,Y,0,0,0,0,0,미수집,9,9순위
시계,49500,369800,369800,급하락,,주얼리/시계,Y,0,0,0,0,0,미수집,1,1순위
시계ACC,0,10,10,,,주얼리/시계,Y,0,0,0,0,0,미수집,44,44순위
시계보관함,720,8390,8390,급상승,,주얼리/시계,Y,0,0,0,0,0,미수집,11,11순위
실내화,4400,17610,17610,급하락,,신발,Y,0,0,0,0,0,미수집,12,12순위
썬바이저,1900,2840,2840,유지,,액세서리,Y,0,0,0,0,0,미수집,44,44순위
썬캡,1900,7480,7480,급상승,,액세서리,Y,0,0,0,0,0,미수집,26,26순위
썬케어,0,70,70,급상승,,뷰티/향수,Y,0,0,0,0,0,미수집,111,111순위
아동가방,20,150,150,급하락,,유아동,N,0,0,0,0,0,미수집,0,
아동레인부츠,0,120,120,급상승,,유아동,N,0,0,0,0,0,미수집,0,
아동방한화,0,35,35,급하락,,유아동,N,0,0,0,0,0,미수집,0,
아동슈즈,0,35,35,유지,,유아동,N,0,0,0,0,0,미수집,0,
아동슬리퍼,0,260,260,급상승,,유아동,N,0,0,0,0,0,미수집,0,
아동시계,0,350,350,유지,,유아동,N,0,0,0,0,0,미수집,0,
아동운동화,320,1340,1340,급하락,,유아동,N,0,0,0,0,0,미수집,0,
아령,3600,15130,15130,상승,,스포츠,N,0,0,0,0,0,미수집,0,
아우터,5400,7260,7260,급하락,,의류,Y,0,0,0,0,0,미수집,37,37순위
아이스박스,0,36250,36250,급상승,,캠핑/등산,N,0,0,0,0,0,미수집,0,
아쿠아슈즈,5400,25380,25380,급상승,,신발,Y,0,0,0,0,0,미수집,10,10순위
안경,22200,72100,72100,급하락,,액세서리,Y,0,0,0,0,0,미수집,5,5순위
앵클부츠,2400,14810,14810,급하락,,신발,Y,0,0,0,0,0,미수집,15,15순위
야구 배팅,110,480,480,하락,,스포츠,N,0,0,0,0,0,미수집,0,
야구글러브,6600,23190,23190,하락,,스포츠,N,0,0,0,0,0,미수집,0,
야구모자,1900,7020,7020,하락,,액세서리,Y,0,0,0,0,0,미수집,27,27순위
야구배트,4400,7700,7700,급하락,,스포츠,N,0,0,0,0,0,미수집,0,
야구화,880,4690,4690,하락,,스포츠,N,0,0,0,0,0,미수집,0,
야전침대,1300,16760,16760,급하락,,가구,N,0,0,0,0,0,미수집,0,
양말,12100,61700,61700,급하락,18,액세서리,Y,0,5,0,0,0,Missing,1,1순위
언더레이어,0,320,320,급하락,,의류,Y,0,0,0,0,0,미수집,92,92순위
언더웨어,1600,2760,2760,유지,,언더웨어,Y,0,0,0,0,0,미수집,16,16순위
언더웨어세트,0,60,60,급하락,,언더웨어,Y,0,0,0,0,0,미수집,22,22순위
에센스,3600,10310,10310,급하락,,뷰티/향수,Y,0,0,0,0,0,미수집,30,30순위
여권지갑,720,8900,8900,하락,,지갑/벨트,Y,0,0,0,0,0,미수집,7,7순위
여성귀걸이,210,720,720,하락,,주얼리/시계,Y,0,0,0,0,0,미수집,28,28순위
여성기타쥬얼리,0,10,10,,,주얼리/시계,Y,0,0,0,0,0,미수집,45,45순위
여성목걸이,210,2760,2760,하락,,주얼리/시계,Y,0,0,0,0,0,미수집,20,20순위
여성반지,110,1340,1340,하락,,주얼리/시계,Y,0,0,0,0,0,미수집,23,23순위
여성배드민턴상의,0,15,15,유지,,스포츠,N,0,0,0,0,0,미수집,0,
여성벨트,170,10380,10380,상승,,지갑/벨트,Y,0,0,0,0,0,미수집,6,6순위
여성보드복상의,0,10,10,상승,,스포츠,N,0,0,0,0,0,미수집,0,
여성보드복하의,0,10,10,유지,,스포츠,N,0,0,0,0,0,미수집,0,
여성브로치,10,180,180,급하락,,주얼리/시계,Y,0,0,0,0,0,미수집,29,29순위
여성비치웨어,20,330,330,급상승,,수영/비치,Y,0,0,0,0,0,미수집,25,25순위
여성수영복,0,12300,12300,급상승,,수영/비치,Y,0,0,0,0,0,미수집,6,6순위
여성스키복상의,0,25,25,급하락,,스포츠,N,0,0,0,0,0,미수집,0,
여성스키복하의,0,10,10,유지,,스포츠,N,0,0,0,0,0,미수집,0,
여성스포츠선글라스,0,55,55,급상승,,리빙/홈,N,0,0,0,0,0,미수집,0,
여성시계,590,10120,10120,유지,,주얼리/시계,Y,0,0,0,0,0,미수집,10,10순위
여성싸이클링상의,0,10,10,,,의류,Y,0,0,0,0,0,미수집,113,113순위
여성싸이클링하의,0,10,10,,,의류,Y,0,0,0,0,0,미수집,114,114순위
여성장갑,140,430,430,급하락,,액세서리,Y,0,0,0,0,0,미수집,57,57순위
여성쥬얼리세트,0,10,10,,,주얼리/시계,Y,0,0,0,0,0,미수집,46,46순위
여성지갑,880,12460,12460,상승,,지갑/벨트,Y,0,0,0,0,0,미수집,5,5순위
여성청결제,3600,21710,21710,하락,,뷰티/향수,Y,0,0,0,0,0,미수집,13,13순위
여성팔찌,170,2910,2910,상승,,주얼리/시계,Y,0,0,0,0,0,미수집,18,18순위
여성헤어ACC,0,10,10,,,뷰티/향수,Y,0,0,0,0,0,미수집,130,130순위
여아래쉬가드,0,1080,1080,급상승,,수영/비치,Y,0,0,0,0,0,미수집,21,21순위
여아수영복,0,6380,6380,급상승,,수영/비치,Y,0,0,0,0,0,미수집,10,10순위
여행가방,2900,17710,17710,급하락,,가방,Y,0,0,0,0,0,미수집,14,14순위
염색,4400,20080,20080,하락,,뷰티/향수,Y,0,0,0,0,0,미수집,17,17순위
오리발,2900,9410,9410,급상승,,수영/비치,Y,0,0,0,0,0,미수집,9,9순위
오일,2400,5620,5620,급하락,,식품,N,0,0,0,0,0,미수집,0,
옥스포드,4400,7930,7930,급하락,,신발,Y,0,0,0,0,0,미수집,22,22순위
왁스,6600,12530,12530,하락,,뷰티/향수,Y,0,0,0,0,0,미수집,24,24순위
요가매트,2400,63500,63500,급상승,,리빙/홈,N,0,0,0,0,0,미수집,0,
요가양말,320,5270,5270,급하락,,스포츠,N,0,0,0,0,0,미수집,0,
우산,9900,27700,27700,급하락,,액세서리,Y,0,0,0,0,0,미수집,12,12순위
운동화,14800,79000,79000,급하락,,신발,Y,0,0,0,0,0,미수집,5,5순위
워머,1600,4640,4640,급하락,,액세서리,Y,0,0,0,0,0,미수집,37,37순위
워시,390,2490,2490,급상승,,뷰티/향수,Y,0,0,0,0,0,미수집,78,78순위
워치와인더,0,4120,4120,상승,,주얼리/시계,Y,0,0,0,0,0,미수집,15,15순위
워커,8100,16160,16160,급하락,,신발,Y,0,0,0,0,0,미수집,13,13순위
워킹화,1600,13640,13640,급하락,,신발,Y,0,0,0,0,0,미수집,16,16순위
워터레깅스,260,2180,2180,급상승,,뷰티/향수,Y,0,0,0,0,0,미수집,79,79순위
원피스,90500,105600,105600,하락,,의류,Y,0,0,0,0,0,미수집,5,5순위
원피스수영복,0,5560,5560,급상승,,수영/비치,Y,0,0,0,0,0,미수집,12,12순위
웨이스트,320,820,820,급하락,,기타,N,0,0,0,0,0,미수집,0,
웨지힐,2900,3550,3550,급상승,,골프,Y,0,0,0,0,0,미수집,18,18순위
웻슈트,320,3540,3540,급상승,,수영/비치,Y,0,0,0,0,0,미수집,16,16순위
유모차,4400,36730,36730,하락,,유아동,N,0,0,0,0,0,미수집,0,
유아동보드복,0,10,10,,,유아동,N,0,0,0,0,0,미수집,0,
유아동스키복,0,10,10,유지,,유아동,N,0,0,0,0,0,미수집,0,
의자,18100,80500,80500,급하락,,가구,N,0,0,0,0,0,미수집,0,
인형,14800,19870,19870,급하락,,유아동,N,0,0,0,0,0,미수집,0,
입욕제,1900,9040,9040,급하락,,뷰티/향수,Y,0,0,0,0,0,미수집,34,34순위
자전거용품,880,4570,4570,하락,,스포츠,N,0,0,0,0,0,미수집,0,
자켓,6600,19600,19600,급하락,32,의류,Y,0,0,49,8,0,Missing,11,11순위
잡화,1000,1460,1460,급하락,,리빙/홈,N,0,0,0,0,0,미수집,0,
장갑,5400,14620,14620,급하락,,액세서리,Y,0,0,0,0,0,미수집,16,16순위
장지갑,1000,5750,5750,급하락,,지갑/벨트,Y,0,0,0,0,0,미수집,11,11순위
전동휠,0,6230,6230,하락,,스포츠,N,0,0,0,0,0,미수집,0,
점퍼,5400,7080,7080,급하락,,의류,Y,0,0,0,0,0,미수집,38,38순위
점프수트,0,4470,4470,급상승,,의류,Y,0,0,0,0,0,미수집,49,49순위
정장,18100,13150,13150,급하락,20,의류,Y,0,0,26,15,0,Missing,12,12순위
정장구두,1600,3040,3040,급하락,,신발,Y,0,0,0,0,0,미수집,31,31순위
제모,2900,7440,7440,상승,,뷰티/향수,Y,0,0,0,0,0,미수집,44,44순위
젤,1900,3650,3650,급하락,,뷰티/향수,Y,0,0,0,0,0,미수집,69,69순위
조거,480,530,530,급하락,,의류,Y,0,0,0,0,0,미수집,88,88순위
조거팬츠,8100,17870,17870,급하락,,의류,Y,0,0,0,0,0,미수집,21,21순위
조끼,5400,11880,11880,급하락,,의류,Y,0,0,0,0,0,미수집,30,30순위
줄,4400,3630,3630,급하락,,기타,N,0,0,0,0,0,미수집,0,
줄넘기,8100,23400,23400,유지,,스포츠,N,0,0,0,0,0,미수집,0,
중지갑,170,510,510,급하락,,지갑/벨트,Y,0,0,0,0,0,미수집,13,13순위
쥬얼리보관함,0,940,940,상승,,주얼리/시계,Y,0,0,0,0,0,미수집,25,25순위
지갑,14800,31240,31240,급하락,20,지갑/벨트,Y,0,0,0,30,0,Missing,1,1순위
짐볼,2400,8810,8810,하락,,스포츠,N,0,0,0,0,0,미수집,0,
짚업,110,640,640,급하락,,스포츠,N,0,0,0,0,0,미수집,0,
찜기,1900,22930,22930,급하락,,가전,N,0,0,0,0,0,미수집,0,
첼시부츠,4400,9440,9440,급하락,,신발,Y,0,0,0,0,0,미수집,19,19순위
축구용품,720,2230,2230,급하락,,스포츠,N,0,0,0,0,0,미수집,0,
축구장갑,260,540,540,급하락,,스포츠,N,0,0,0,0,0,미수집,0,
축구화,14800,37220,37220,급상승,,스포츠,N,0,0,0,0,0,미수집,0,
취사용품,20,10,10,유지,,캠핑/등산,N,0,0,0,0,0,미수집,0,
치약,12100,59400,59400,급하락,,뷰티/향수,Y,0,0,0,0,0,미수집,3,3순위
침낭,3600,28090,28090,급하락,,캠핑/등산,N,0,0,0,0,0,미수집,0,
칫솔,8100,46920,46920,급하락,,뷰티/향수,Y,0,0,0,0,0,미수집,6,6순위
카드지갑,8100,67400,67400,하락,,문구,N,0,0,0,0,0,미수집,0,
캐쥬얼점퍼,0,15,15,급하락,,의류,Y,0,0,0,0,0,미수집,103,103순위
캔들,2400,12050,12050,급하락,,리빙/홈,N,0,0,0,0,0,미수집,0,
캡모자,4400,15890,15890,상승,,액세서리,Y,0,0,0,0,0,미수집,15,15순위
커프스,1900,3390,3390,급상승,,주얼리/시계,Y,0,0,0,0,0,미수집,17,17순위
커플세트,20,50,50,급하락,,기타,N,0,0,0,0,0,미수집,0,
코트,27100,10910,10910,급하락,23,의류,Y,0,0,0,18,0,Missing,14,14순위
쿠션,5400,22830,22830,급하락,,리빙/홈,N,0,0,0,0,0,미수집,0,
쿨러,2900,4160,4160,유지,,캠핑/등산,N,0,0,0,0,0,미수집,0,
퀼팅자켓,880,3410,3410,급하락,,의류,Y,0,0,0,0,0,미수집,56,56순위
크로스백,12100,53840,53840,하락,16,가방,Y,0,16,0,0,0,Missing,2,2순위
크롭레깅스,0,15,15,급하락,,의류,Y,0,0,0,0,0,미수집,104,104순위
크림,246000,799100,799100,하락,,뷰티/향수,Y,0,0,0,0,0,미수집,1,1순위
클러치,4400,3990,3990,급하락,,가방,Y,0,0,0,0,0,미수집,24,24순위
클러치백,2400,6480,6480,급하락,,가방,Y,0,0,0,0,0,미수집,21,21순위
키링,14800,42100,42100,급하락,18,액세서리,Y,0,0,0,49,0,Missing,3,3순위
키홀더,1300,4020,4020,급하락,,주얼리/시계,Y,0,0,0,0,0,미수집,16,16순위
타이,3600,9720,9720,급하락,,액세서리,Y,0,0,0,0,0,미수집,22,22순위
타이즈,3600,2910,2910,급하락,,스포츠,N,0,0,0,0,0,미수집,0,
타프,2900,27450,27450,급상승,,캠핑/등산,N,0,0,0,0,0,미수집,0,
태닝,2900,6590,6590,급상승,,뷰티/향수,Y,0,0,0,0,0,미수집,49,49순위
털모자,1600,1350,1350,급하락,,액세서리,Y,0,0,0,0,0,미수집,51,51순위
테니스용품,390,2720,2720,급하락,,스포츠,N,0,0,0,0,0,미수집,0,
테니스화,1600,15970,15970,하락,,스포츠,N,0,0,0,0,0,미수집,0,
테이블,6600,20260,20260,급하락,,가구,N,0,0,0,0,0,미수집,0,
텐트,4400,32090,32090,급하락,,캠핑/등산,N,0,0,0,0,0,미수집,0,
토시,2400,5250,5250,급하락,,액세서리,Y,0,0,0,0,0,미수집,33,33순위
토치,2900,11810,11810,급하락,,캠핑/등산,N,0,0,0,0,0,미수집,0,
토트백,9900,24120,24120,급하락,19,가방,Y,0,2,0,46,0,Missing,4,4순위
튜브,8100,10580,10580,급상승,,수영/비치,Y,0,0,0,0,0,미수집,7,7순위
트레이닝,1600,3590,3590,급하락,,스포츠,N,0,0,0,0,0,미수집,0,
트레이닝복,2900,8690,8690,급하락,,스포츠,N,0,0,0,0,0,미수집,0,
트레이닝상의,20,200,200,급하락,,리빙/홈,N,0,0,0,0,0,미수집,0,
트레이닝하의,20,60,60,급하락,,리빙/홈,N,0,0,0,0,0,미수집,0,
트레이닝화,140,1000,1000,급상승,,리빙/홈,N,0,0,0,0,0,미수집,0,
트렌치코트,6600,19750,19750,급하락,27,의류,Y,0,0,0,7,0,Missing,10,10순위
트리트먼트,0,20650,20650,급하락,,뷰티/향수,Y,0,0,0,0,0,미수집,14,14순위
티셔츠,12100,17300,17300,급하락,16,의류,Y,0,5,0,32,0,Missing,8,8순위
파우더,2900,6540,6540,하락,,뷰티/향수,Y,0,0,0,0,0,미수집,50,50순위
파우치,6600,35350,35350,하락,,가방,Y,0,0,0,0,0,미수집,7,7순위
파티용품,720,4450,4450,급하락,,리빙/홈,N,0,0,0,0,0,미수집,0,
팔찌,8100,58330,58330,급하락,,주얼리/시계,Y,0,0,0,0,0,미수집,3,3순위
패드,5400,10780,10780,급하락,,리빙/홈,N,0,0,0,0,0,미수집,0,
패딩,33100,28020,28020,급하락,21,의류,Y,0,11,0,0,0,Missing,4,4순위
패딩부츠,1600,2180,2180,급하락,,신발,Y,0,0,0,0,0,미수집,33,33순위
패딩점퍼,480,940,940,급하락,,의류,Y,0,0,0,0,0,미수집,82,82순위
팩,2900,4380,4380,급하락,,뷰티/향수,Y,0,0,0,0,0,미수집,64,64순위
팬던트,3600,4950,4950,유지,,주얼리/시계,Y,0,0,0,0,0,미수집,13,13순위
팬츠,1900,2760,2760,급하락,,의류,Y,0,0,0,0,0,미수집,64,64순위
펌,6600,5020,5020,급하락,,뷰티/향수,Y,0,0,0,0,0,미수집,60,60순위
펌프스,1000,3850,3850,급하락,,신발,Y,0,0,0,0,0,미수집,28,28순위
페도라,5400,3060,3060,급하락,,액세서리,Y,0,0,0,0,0,미수집,43,43순위
폴대,880,3790,3790,급하락,,기타,N,0,0,0,0,0,미수집,0,
폴딩박스,0,8790,8790,급하락,,캠핑/등산,N,0,0,0,0,0,미수집,0,
폼룰러,6600,3170,3170,급상승,,뷰티/향수,Y,0,0,0,0,0,미수집,73,73순위
풀오버,1900,2710,2710,급하락,,의류,Y,0,0,0,0,0,미수집,65,65순위
풋크림,390,4660,4660,급하락,,뷰티/향수,Y,0,0,0,0,0,미수집,62,62순위
플랫슈즈,2900,34910,34910,유지,,신발,Y,0,0,0,0,0,미수집,9,9순위
플리스자켓,1000,6220,6220,급하락,,의류,Y,0,0,0,0,0,미수집,42,42순위
핀,14800,4790,4790,급하락,,액세서리,Y,0,0,0,0,0,미수집,36,36순위
하이힐,4400,4880,4880,급하락,,신발,Y,0,0,0,0,0,미수집,25,25순위
하프자켓,0,500,500,급하락,,의류,Y,0,0,0,0,0,미수집,90,90순위
하프코트,1300,2880,2880,급하락,,의류,Y,0,0,0,0,0,미수집,63,63순위
하프팬츠,140,210,210,급상승,,의류,Y,0,0,0,0,0,미수집,97,97순위
한복소품,0,540,540,급하락,,리빙/홈,N,0,0,0,0,0,미수집,0,
핸드소독제,0,15,15,,,뷰티/향수,Y,0,0,0,0,0,미수집,118,118순위
핸드크림,4400,36920,36920,급하락,,뷰티/향수,Y,0,0,0,0,0,미수집,7,7순위
핸드폰케이스백,0,15,15,유지,,가전,N,0,0,0,0,0,미수집,0,
헌팅캡,2400,4230,4230,급하락,,액세서리,Y,0,0,0,0,0,미수집,38,38순위
헤어미스트,1000,6970,6970,하락,,뷰티/향수,Y,0,0,0,0,0,미수집,48,48순위
헤어밴드,6600,20290,20290,유지,,뷰티/향수,Y,0,0,0,0,0,미수집,16,16순위
헤어악세서리,70,80,80,급상승,,액세서리,Y,0,0,0,0,0,미수집,70,70순위
헤어에센스,3600,35500,35500,하락,,뷰티/향수,Y,0,0,0,0,0,미수집,8,8순위
헤어오일,2900,11050,11050,하락,,뷰티/향수,Y,0,0,0,0,0,미수집,29,29순위
헬멧,6600,16690,16690,급하락,,스포츠,N,0,0,0,0,0,미수집,0,
헬스기구,1000,8070,8070,급하락,,스포츠,N,0,0,0,0,0,미수집,0,
헬스복,590,5700,5700,급하락,,스포츠,N,0,0,0,0,0,미수집,0,
헬스용품,390,1680,1680,하락,,스포츠,N,0,0,0,0,0,미수집,0,
헬스장갑,1300,8520,8520,하락,,스포츠,N,0,0,0,0,0,미수집,0,
화로,2400,8240,8240,급하락,,캠핑/등산,N,0,0,0,0,0,미수집,0,
후드,8100,9910,9910,급하락,,의류,Y,0,0,0,0,0,미수집,32,32순위
후드티,14800,35450,35450,급하락,,의류,Y,0,0,0,0,0,미수집,17,17순위
후디,2400,1980,1980,급하락,,스포츠,N,0,0,0,0,0,미수집,0,
훌라후프,1900,13500,13500,하락,,스포츠,N,0,0,0,0,0,미수집,0,
흑채,1900,5910,5910,급하락,,뷰티/향수,Y,0,0,0,0,0,미수집,55,55순위
힐,1900,3470,3470,급하락,,신발,Y,0,0,0,0,0,미수집,30,30순위
힙색,4400,13920,13920,하락,,가방,Y,0,0,0,0,0,미수집,15,15순위
