키워드,네이버검색량,PC,모바일,경쟁정도,추이지수,추이,월별추이
결혼식 하객룩,48030,5130,42900,높음,76.6,급하락,91.4|91.4|80.8|52.0|51.4|54.9|99.9|100|88.7|59.5|34.2|62.7|76.6
하객 원피스,6700,950,5750,높음,10.8,급하락,24.1|21.1|18.2|14.3|15.1|13.5|17.5|18.0|16.2|10.9|6.1|10.0|10.8
면접 복장,8360,1730,6630,높음,13.5,급하락,20.3|24.1|25.6|17.8|17.4|13.1|15.3|14.2|13.2|7.3|5.3|7.0|13.5
면접 정장,1970,660,1310,중간,3.1,급하락,3.9|4.4|4.8|3.8|4.1|2.8|2.9|3.0|2.8|2.1|3.1|4.3|3.1
소개팅룩,1730,370,1360,높음,2.7,급하락,4.9|4.1|3.8|2.9|2.9|2.6|4.0|4.4|4.3|2.8|2.8|2.9|2.7
데이트룩,1840,1120,720,높음,94.5,급상승,70.1|65.9|58.8|48.7|49.5|49.9|65.7|67.0|53.6|43.5|55.0|90.1|94.5
졸업식 정장,25,5,20,높음,1.4,급상승,0.8|6.7|10.0|23.8|1.4
입학식 옷,10,5,5,낮음,12.4,급상승,3.7|6.2|22.3|12.4
상견례 룩,1230,280,950,높음,50.8,급하락,61.7|62.0|60.2|43.0|57.1|61.7|94.7|100|78.7|48.0|34.1|38.8|50.8
돌잔치 옷,700,60,640,높음,28.5,급하락,54.8|39.1|36.3|33.4|40.9|28.7|34.3|34.2|34.9|34.7|33.0|37.6|28.5
장례식 복장,11770,870,10900,높음,62.0,급하락,100|92.7|78.9|66.7|65.1|54.6|69.9|74.1|78.0|68.5|64.2|66.5|62.0
파티룩,300,50,250,높음,1.2,급하락,2.3|3.5|6.4|10.8|3.1|1.7|1.7|1.5|1.5|1.2|1.0|1.1|1.2
연말 모임룩,25,5,20,높음,0.0,급하락,0.4|11.0|21.8|0.8|0.0
동창회 옷,15,5,10,중간,0.0,유지,0.0
발표회 옷,15,5,10,높음,0.0,유지,0.1|0.0
여름 코디,350,40,310,높음,2.2,급상승,6.4|1.9|2.3|2.9|4.2|5.2|8.5|22.1|34.6|33.5|31.1|16.1|2.2
겨울 코디,550,110,440,높음,3.7,급하락,6.8|24.4|66.6|70.6|41.9|13.6|2.3|0.2|0.3|0.3|1.3|2.3|3.7
봄 코디,140,40,100,높음,0.4,급하락,0.3|0.3|0.6|1.3|6.3|33.2|100|71.6|13.6|0.3|0.3|0.2|0.4
가을 코디,11440,5820,5620,높음,79.8,급하락,92.9|96.2|23.6|1.6|1.3|0.7|0.9|0.9|0.2|0.6|1.9|22.9|79.8
간절기 코디,540,90,450,높음,3.5,급하락,6.4|4.5|0.3|1.2|3.7|1.8|0.4|0.1|3.5
환절기 옷,70,10,60,높음,0.7,급하락,3.2|3.7|0.5|1.4|0.2|0.7
장마철 신발,35,5,30,높음,0.4,급상승,0.4|2.1|20.1|60.2|75.6|100|0.2|0.4
초여름 옷,10,5,5,높음,0.8,유지,0.8
한여름 옷,10,5,5,낮음,,,
초겨울 코디,90,20,70,높음,1.2,급하락,7.7|87.7|82.1|6.4|4.9|0.7|2.6|0.2|0.2|0.5|1.2
봄 원피스,350,90,260,높음,0.5,상승,0.3|0.3|0.4|0.9|3.0|9.7|21.9|11.0|1.8|0.2|0.2|0.4|0.5
여름 원피스,6230,750,5480,높음,9.4,급상승,19.5|14.6|19.9|26.6|35.5|24.7|24.2|36.8|73.3|98.6|100|43.0|9.4
겨울 코트,2220,460,1760,중간,3.2,급하락,5.0|24.0|31.9|32.9|25.9|16.2|6.7|0.6|0.8|0.9|2.3|2.6|3.2
가을 자켓,14780,6100,8680,높음,20.7,급하락,23.0|25.1|3.7|0.4|0.4|0.5|0.7|0.3|0.2|0.3|0.7|6.0|20.7
여름 휴가룩,500,80,420,높음,0.7,급상승,0.7|0.5|0.9|1.0|1.4|0.8|0.8|0.6|0.6|2.5|6.3|3.4|0.7
제주도 여행룩,170,40,130,높음,0.8,하락,3.4|2.2|0.7|0.1|0.6|0.7|1.9|1.8|1.8|1.8|2.6|2.3|0.8
발리 옷,240,50,190,높음,2.5,급하락,5.2|4.8|3.8|3.0|3.5|2.8|3.7|2.6|3.2|2.4|2.6|2.4|2.5
동남아 여행룩,270,60,210,높음,1.9,급하락,14.7|16.7|11.4|9.8|12.6|9.9|11.3|5.2|2.4|1.9|2.8|2.2|1.9
호캉스룩,120,30,90,높음,0.2,급상승,1.7|0.7|0.6|0.8|1.0|0.9|0.4|0.6|0.8|1.4|2.9|1.7|0.2
비치웨어,2810,560,2250,높음,25.5,급상승,47.5|35.3|57.4|53.6|66.9|48.6|46.7|39.1|41.9|59.9|100|60.8|25.5
리조트룩,410,40,370,높음,3.3,급상승,4.1|2.5|2.8|2.2|3.9|2.8|2.7|2.7|4.6|6.6|7.5|5.3|3.3
해외여행 옷,70,10,60,높음,0.1,급하락,1.5|0.6|1.0|1.0|1.3|0.7|0.4|0.2|0.0|0.1|0.1|0.1
휴양지룩,3750,620,3130,높음,31.6,급하락,56.8|51.9|70.3|76.7|100|71.0|60.3|40.0|32.9|36.4|48.8|38.1|31.6
여행 원피스,420,60,360,높음,2.9,급상승,8.2|3.2|2.8|2.9|5.1|4.9|6.5|7.4|6.7|6.9|9.1|5.6|2.9
공항 패션,2880,400,2480,높음,23.8,급하락,33.0|29.2|27.6|24.3|28.3|24.2|30.0|23.1|24.6|24.5|24.0|22.5|23.8
물놀이 옷,190,30,160,높음,1.1,급상승,1.7|0.2|0.3|0.3|1.1|1.2|0.7|1.3|3.7|11.2|37.7|22.4|1.1
남자친구 선물,2170,360,1810,높음,20.6,급하락,47.2|40.1|46.1|70.9|40.8|37.0|32.4|25.0|25.2|23.1|22.6|27.8|20.6
여자친구 선물,2620,500,2120,높음,24.8,급하락,48.8|47.3|50.5|81.1|50.8|39.4|40.8|33.0|33.4|29.0|29.6|31.8|24.8
부모님 선물,8670,1850,6820,높음,87.0,유지,72.6|45.6|44.0|62.9|58.7|52.6|43.8|94.0|100|42.0|35.5|46.3|87.0
엄마 선물,2110,310,1800,높음,22.4,급하락,34.4|26.0|25.0|32.2|28.5|23.8|18.8|26.0|26.2|17.0|16.3|17.3|22.4
아빠 선물,1910,260,1650,높음,0.8,급하락,1.1|0.8|0.8|1.2|1.0|0.8|0.7|1.0|1.3|0.5|0.5|0.5|0.8
남편 선물,890,170,720,높음,0.3,급하락,0.6|0.5|0.6|0.9|0.5|0.4|0.5|0.4|0.4|0.4|0.4|0.3|0.3
아내 선물,250,80,170,높음,0.1,급하락,0.2|0.1|0.1|0.3|0.1|0.1|0.1|0.1|0.1|0.1|0.1|0.1|0.1
어버이날 선물,580,260,320,높음,0.2,급상승,0.2|0.1|0.2|0.2|0.4|0.6|2.0|58.7|100|0.3|0.2|0.2|0.2
어린이날 선물,440,60,380,높음,0.4,급상승,0.1|0.1|0.1|0.5|0.2|0.4|2.5|35.4|19.2|0.1|0.1|0.1|0.4
화이트데이 선물,245,5,240,높음,0.3,급상승,0.0|0.0|0.0|0.2|3.7|36.1|0.0|0.0|0.3
발렌타인 선물,35,5,30,높음,0.0,급상승,0.0|0.0|0.3|2.0|0.2|0.0
친구 생일선물,3310,460,2850,높음,0.9,급하락,1.6|1.4|1.2|1.1|1.4|1.3|1.3|1.1|1.1|1.0|0.9|1.0|0.9
크리스마스 선물,1520,390,1130,높음,0.4,급하락,0.6|1.8|17.4|100|0.4|0.2|0.1|0.1|0.1|0.1|0.2|0.2|0.4
결혼 선물,7640,1340,6300,높음,2.1,급하락,4.3|3.8|3.5|3.1|2.9|2.1|2.4|2.4|2.0|1.6|1.5|1.8|2.1
골프웨어,55530,8730,46800,중간,70.3,급하락,89.8|100|80.1|49.9|42.4|51.3|86.0|89.9|82.4|70.8|65.4|59.8|70.3
골프 코디,140,20,120,높음,0.1,급하락,0.2|0.2|0.1|0.0|0.0|0.1|0.3|0.3|0.2|0.2|0.1|0.1|0.1
등산복,15030,4430,10600,중간,18.7,급하락,18.5|26.4|22.5|15.6|15.2|14.6|21.1|18.6|16.5|10.6|9.1|12.8|18.7
등산 옷차림,190,20,170,중간,0.2,급하락,0.1|0.4|0.4|0.1|0.1|0.0|0.3|0.3|0.3|0.1|0.0|0.2
캠핑룩,810,180,630,높음,1.0,급하락,1.9|2.1|1.3|0.8|0.4|0.4|0.7|1.5|1.3|0.8|0.6|0.5|1.0
홈트레이닝복,25,5,20,높음,0.0,급하락,0.0|0.0|0.0|0.0|0.0
요가복,34620,5820,28800,높음,77.1,하락,100|89.1|88.5|78.9|92.9|71.1|97.5|92.5|83.2|87.8|93.1|87.8|77.1
러닝복,12980,2380,10600,높음,29.1,급하락,71.5|52.3|32.6|18.0|21.6|26.7|38.2|32.8|25.6|25.6|27.0|26.7|29.1
헬스복,5700,1040,4660,높음,12.6,급하락,20.4|17.0|19.3|18.3|22.5|16.3|19.1|16.8|15.8|14.9|17.0|14.5|12.6
테니스 룩,250,40,210,높음,0.5,상승,0.6|0.5|0.2|0.1|0.2|0.2|0.5|0.6|0.7|0.6|0.5|0.4|0.5
자전거 복장,930,180,750,높음,66.7,급상승,59.9|53.6|24.1|6.1|13.1|31.0|80.7|100|94.8|75.9|57.1|51.9|66.7
수영장 옷,55,5,50,중간,10.4,급상승,1.1|0.4|0.6|0.4|0.5|4.3|17.0|10.4
키 커보이는 코디,25,5,20,높음,1.2,유지,1.2
다리 길어보이는 바지,160,30,130,높음,6.6,급하락,20.4|22.0|22.9|18.5|12.6|13.4|12.6|22.0|16.6|10.9|3.6|0.8|6.6
하체비만 코디,230,40,190,높음,12.4,급하락,40.2|33.4|22.5|12.5|15.1|23.2|36.1|33.7|27.6|18.8|18.7|16.7|12.4
어깨 넓은 여자 옷,15,5,10,낮음,4.8,유지,4.8
통통 코디,45,5,40,높음,4.1,급하락,42.5|26.0|7.5|8.9|3.4|17.8|32.9|14.4|29.5|7.5|11.0|10.3|4.1
마른 체형 코디,35,5,30,높음,4.1,급하락,32.2|58.9|3.4|3.4|50.7|54.8|11.0|6.8|4.1
키 작은 여자 코디,80,10,70,높음,8.2,급하락,100|82.9|24.0|34.9|35.6|40.4|89.0|51.4|14.4|15.1|21.9|17.8|8.2
배 나온 남자 옷,25,5,20,높음,3.4,유지,3.4
골반 넓은 코디,10,5,5,낮음,,,
허벅지 가리는 옷,10,5,5,낮음,,,
상체비만 코디,650,90,560,높음,45.6,급하락,100|82.2|48.1|32.3|28.7|37.0|69.9|82.0|79.8|74.8|58.3|43.2|45.6
슬림핏 코디,10,5,5,낮음,,,
40대 여성 코디,190,20,170,높음,10.4,급하락,10.5|17.9|24.7|13.4|10.3|23.8|30.5|14.9|10.1|12.7|16.9|11.8|10.4
50대 엄마 옷,2600,540,2060,높음,60.0,급하락,96.3|100|73.9|48.9|48.5|50.7|82.2|81.0|75.9|76.6|78.2|64.3|60.0
30대 직장인 룩,25,5,20,높음,2.6,급상승,0.4|1.3|0.4|2.5|3.9|2.6
20대 데일리룩,10,5,5,높음,,,
중년 여성 패션,60,10,50,높음,0.6,급하락,2.3|3.2|1.7|0.3|0.4|1.3|2.0|1.4|0.4|1.0|0.5|0.6
40대 남성 패션,200,70,130,높음,2.0,급하락,5.8|4.4|4.6|4.3|2.5|2.9|5.2|3.6|1.0|0.8|1.0|0.8|2.0
50대 아빠 옷,45,5,40,높음,0.1,급상승,0.2|0.1|0.3|0.2|0.6|0.1
60대 여성 옷,3110,340,2770,높음,52.1,급상승,14.5|18.5|24.9|16.4|26.7|43.7|96.2|100|90.5|63.6|59.5|48.6|52.1
20대 남자 코디,70,20,50,높음,0.2,급하락,1.6|1.2|1.4|0.8|1.1|1.8|1.7|0.9|0.7|0.2|0.2|0.5|0.2
30대 여성 원피스,70,20,50,높음,0.2,급상승,0.7|0.5|0.1|0.1|0.3|0.6|0.3|1.2|0.8|1.3|0.5|0.2
대학생 코디,150,20,130,높음,1.3,급하락,3.7|1.8|2.4|3.0|5.0|9.8|7.5|1.8|1.8|0.6|0.7|0.8|1.3
신입사원 복장,15,5,10,높음,0.0,유지,0.0|0.0|0.1|0.0
미니멀룩,660,90,570,높음,4.6,급하락,8.0|7.5|6.1|4.7|6.5|5.0|6.7|5.7|5.1|5.3|4.6|4.5|4.6
오피스룩,7680,1930,5750,높음,54.4,급하락,100|81.8|65.9|60.0|68.3|59.1|75.8|65.1|64.0|59.3|56.7|56.7|54.4
빈티지 코디,90,10,80,높음,0.3,급하락,0.7|1.0|0.7|0.5|0.8|0.7|0.7|0.5|0.5|0.1|0.2|0.4|0.3
러블리룩,55,5,50,높음,0.0,급하락,0.2|0.3|0.1|0.1|0.0|0.2|0.3|0.2|0.1|0.0
걸리시룩,45,5,40,중간,0.1,유지,0.1|0.1
캐주얼룩,1190,140,1050,높음,22.8,급하락,37.8|37.6|31.1|32.4|35.4|37.6|38.8|30.9|27.1|23.1|23.1|24.8|22.8
스트릿 패션,2370,450,1920,높음,45.9,급하락,91.4|96.2|91.3|81.1|85.4|79.4|100|95.0|90.0|68.2|57.7|44.7|45.9
모던룩,220,50,170,높음,2.4,급하락,7.6|6.2|6.6|4.6|4.6|3.8|5.8|4.0|2.7|3.2|1.8|3.3|2.4
클래식룩,100,30,70,높음,0.3,급하락,2.3|2.9|2.8|0.9|2.5|1.2|1.4|0.8|0.5|0.3|0.5|0.7|0.3
페미닌룩,1610,230,1380,높음,1.5,급하락,3.0|2.3|4.7|1.9|1.8|3.2|2.0|1.7|1.7|1.6|1.6|1.5|1.5
시크룩,70,10,60,높음,0.0,급하락,0.1|0.1|0.1|0.0|0.1|0.0|0.1|0.0|0.0|0.0|0.0|0.0|0.0
데일리룩,70100,12900,57200,높음,69.0,급하락,89.8|87.2|90.2|82.7|68.3|63.2|100|94.4|81.7|75.2|67.1|54.6|69.0
